연번,직군,업종,직종,식별,대주제,주제,멘트,출처,,
1,진행,시사,아나운서,A1,노동권 침해,고용불안,"원래 용역업체가 그렇게 자주 안 바꾸는 걸로 알거든요. 원래 1년 일을 하면 뭐 퇴직금도 나오고 연차도 발생하고 이런 것들이 있는데, 이제 그런 게 용역업체 바뀌면 다 없어진다는 거죠. 팀장님도 여기 지금 15년 정도 계셨는데 본인도 똑같은 처지라고 본인도 여기 외주 업체 바뀌면서 그거 연차 발생 안 되고 1년 인정 안 되고 다 똑같다고",2025 진행직군 인터뷰,,
2,진행,시사,리포터,A1,업무단계,업무내용,"지방의원들을 제가 직접 섭외를 해서 어떤 주제로 의정 소식을 알려드리고 이런 걸 맡았기 때문에, 방송사를 가는 건 하루인데, 섭외 전화부터 직접 가서 사전 인터뷰하고, 질문지 써서 보내고 답변을 받으면 최종 대본을 만들고, 그런 일을 일을 다 해야 했어요. 사실 이게 주말에도 카페 가서 계속 일하고 평일에도 지방의회 가고 계속 대본 만들고, 또 메인 진행자분이랑 계속 연락하면서 대본도 고치고 그래서 실제로는 일은 계속 하는거죠.",2025 진행직군 인터뷰,,
3,진행,시사,아나운서,A2,시작단계,진입계기,"대학교 방송국 아나운서를 했어요. 그때 이 일 자체가 재미있구나 라는 걸 느껴서 준비를 시작하게 됐고요. 아나운서 일자리가 워낙 적잖아요. 들어가기가 그래서 캐스터와 리포터 활동하면서 시작하게 되었고, 일하는 지금도 계속 이직 준비는 하고 있습니다. ",2025 진행직군 인터뷰,,
4,진행,시사,캐스터,A2,업무단계,근무방식,"가령 4일 이상 쉬지 말라고 요구해요. 저희가 교대 근무인데 하루에 6명이 들어가야 하는데, 갑자기 누가 진짜 이날 안 된다거나 하면, 대신 연장 근무하는게 스케줄 조정이 자유롭기 때문에 오히려 편해요. 근데 그걸 하루에 나오는 목소리가 다양해야한다고 안 된다고 하고, 투잡 쓰리잡 하는 걸 약간 안 좋게 생각을 하셔서.",2025 진행직군 인터뷰,,
5,진행,시사,캐스터,A2,업무단계,계약형태,계약기간은 6개월로 되어 있어요. 봄 개편 가을 개편 때마다 갱신하는 계약서를 새로 쓰고 있어요.,2025 진행직군 인터뷰,,
6,진행,시사,캐스터,A2,노동환경,휴식권,"한번은 아파서 못 일어나서 아침 방송에 못 들어갔어요. 그럤더니 '너네들은 아픈데 뭐 대신해 줄 대타도 못 구하냐 너네 의리 없다' 이런 식으로 얘기해 버리니까. 저 때문에 괜히 다른 사람도 욕 먹는 거예요. 그런 그랬던 적도 있었고, 한 번은 교통사고가 나서 못 들어간 적이 있었거든요. 근데 반응이 '사고 난 거는 네 사정이지' 이래버리니까 '아 여긴 진짜 그렇구나 여기는 교통사고가 나도, 피를 흘리면서 와야겠구나' 생각이 들었어요.",2025 진행직군 인터뷰,,
7,진행,시사,아나운서,A2,기타,향후 진로·전망,"프리랜서로 이렇게 쭉 일을 한다고 하면 솔직히 마흔이 마지노선일 것 같고요. 어떻게 보면 소모품처럼 쓰는 것들이 많잖아요. 어느 방송국이나 다 그러겠지만, 나이가 있는 사람을 쓰는 것보다 새로 들어오는 인력을 쓰는 게 방송국 입장에서는 좀 나으니까 이런 교체가 이뤄지자나요.",2025 진행직군 인터뷰,,
8,진행,시사,리포터,A3,업무단계,업무내용,"일단 원고는 제가 썼고, 주제를 먼저 제가 오늘 이런 걸로 하고 싶은데 어떤지 피디님한테 물어봐요. 그러면 뺄 건 빼고 넣을 건 넣고 해서 다시 저한테 주제를 주세요. 그러면 이제 제가 취재나 인터뷰를 하거나 이렇게 해서 작가님한테 대본을 써서 보내요. 그럼 작가님이 한번 수정을 하거나 뭔가 좀 고쳐야 될 부분들 방송에 맞지 않는 것들 뭐 이렇게 다 해 가지고 저한테 주시고 그걸 가지고 방송을 하는 거죠.",2025 진행직군 인터뷰,,
9,진행,시사,아나운서,A3,노동권 침해,성차별·외모평가,"주된 시청층이 남성인 경우, 그들을 끌어들일만한 진행자가 필요하니까 항상 그 일정한 나이대의 여성을 원하는 것 같아요. 그래서 아무래도 나이가 좀 들어도 할 수 있는 일은 아닌... 그냥 거의 아이돌 준비생만큼 외모에 대한 그런 강박도 압박도 심한 것 같아요. 근데 또 이런 얘기를 할 수 없는 게 너네가 선택한 일이잖아라는 반응이라서…",2025 진행직군 인터뷰,,
10,진행,시사,아나운서,A3,시작단계,진입과정,"일단은 한 명 뽑는 시험이라서 지원자는 보통 뭐 지역 지상파만 해도 한 4~500명이고 거기서 한 명이 선발니까... 처음 학원 가서부터 2년 준비했는데 어디 합격 못 했으면은 그만두는 게 맞다는 말이 있거든요. 그래서 지상파 본사는 경쟁률이 1000 대 1, 뭐 이러니까... 그렇게 했는데, 예를 들어 코로나 때문에 공채가 없으니 2년이 그냥 가버렸는데, 아직도 일을 시작을 못 해서 그만둔 친구들도 진짜 많거든요.",2025 진행직군 인터뷰,,
11,진행,시사,아나운서,A3,노동권 침해,연령차별·직업수명,프리랜서로 방송했던 분들은 보통 이제 결혼하면 일을 그만두니까 자연스럽게 그냥 경력이 그냥 거기서 거의 대체로 끝나는 것 같아요. 나이도 그렇고. 그게 자발적인지는 뭐가 먼저인지는 잘 모르겠어요. 결혼하고 애기 낳고 하면 다 그만두고 돌아오는 경우도 거의 없어서.,2025 진행직군 인터뷰,,
12,진행,시사,아나운서,A4,업무단계,업무내용,"제가 약간 피디 역할도 좀 해야 되고, 그러니까 작가나 기자도 없어서, 선곡하고 큐시트랑 원고 작성에, 방송 편집도 약간 컷 자르고 이런 것도 해야해서 이게 아무래도 이제 조직 구성상 그런 역할들을 하고 있어요.",2025 진행직군 인터뷰,,
13,진행,시사,아나운서,A4,기타,개선방향,"그니까 그냥 계약직 안의 형태에서 이름을 다르게 할 수가 있잖아요. 진짜 단기 계약직 아니면, 뭐 특정명칭의 계약직, 이 프로그램만 하는 계약직 해서, 그래서 아무튼 이 프리랜서 인력을 근로자로 법 안에서도 보호를 받을 수 있도록 해야 해요. 제도 아래에서 권리를 보장 받을 수 있도록 하는 부분이 필요하다고 생각해요.",2025 진행직군 인터뷰,,
14,진행,시사,캐스터,A5,노동권 침해,성차별·외모평가,육아휴직이 없어요. 출산 후에 다시 돌아오는 경우가 하나는 아예 다시 시험을 보고 들어오는 경우가 있고요. 그게 아니면 교대로 일하니까 같이 하는 친구들이랑 협의를 해서 내가 뭐 한 달 또는 두 달을 빠지겠다고 이렇게 협의를 해서 다시 하는거죠. 그런 게 아니면은 쉽지 않죠. 같이 근무하는 친구들이랑 또 마음이 맞아야 되니까.,2025 진행직군 인터뷰,,
15,진행,시사,캐스터,A5,기타,개선방향,"어느 정도 여기서 생활할 수 있는 월급만 받을 수 있으면, 그걸로 좋다는 애들이 많거든요. 그리고 보통 여기서 결혼해서 살게 되는 친구들도 한 달에 어느 정도의 그 소득이 있으면 방송 하나만 해서 버틸 수 있어요. 근데 지금은 진짜 편의점에서 일을 해야 된다는 생각도 많이 하죠. 저는 방송을 2개 하니까 상관없는데  다른 친구들은 그런 고민도 많이 해요.",2025 진행직군 인터뷰,,
16,진행,시사,리포터,A6,노동권 침해,성희롱,"거의 스무살 넘게 차이 나는 남자 정규직 직원이 성희롱 발언을 해서 그만뒀었어요. 좀 오래된 일이긴 한데. 듣는 순간 내가 지금 뭘 들었지, 제대로 들은 게 맞나 생각했죠. 여자 특히 프리랜서로 일을 하다보니까 더욱 보호받지 못하니까, 그리고 더욱 보호받지 못하는 존재라는 것을 잘 아니까 그러는 것 같아요.",2025 진행직군 인터뷰,,
17,진행,시사,아나운서,A6,노동권 침해,연령차별·직업수명,"남자 아나운서는 경력이 쌓일수록 진행 역량이 늘어난다 라고 생각하는데, 여자 아나운서는 외형이 중요한거죠. 암묵적으로 여자 아나운서는 나이가 들면서 아나운서로서의 가치 상실, 그러니까 나이가 든 여자 아나운서는 마치 생명이 죽어가는 것처럼 동일시하는 시선이 있는 것 같아요.",2025 진행직군 인터뷰,,
18,진행,시사,기상캐스터,C1,노동권 침해,해고·계약해지,"제 전임자도 3년 정도를 일했고, 그 전에도 4~5년씩 일한 분들이 대부분이라서 저도 프리랜서로 1년 단위 계약을 했지만 별일이 없으면 무기연장이 될 걸로 알고 입사한 상태였어요. 근데 방송사가 인력을 구조조정하는 과정에서 해고 통보를 받았어요.",2025 진행직군 인터뷰,,
19,진행,시사,기상캐스터,C1,업무단계,근무방식,"아침 날씨방송을 했고요. 헤어와 메이크업을 제가 스스로 해야 했기 때문에 새벽 3시 반에 일어났어요. 그리고 새벽 5시 좀 전에 출근을 했고요. 원래는 일이 익숙해지기 전에는 새벽 4시 반쯤까지 갔어요. 6시 넘어서 녹화를 하고 송출되죠. 아침 8시 전에 제 업무는 다 끝나는데, 이것만으로는 생계 유지가 어려우니까 화요일마다 뉴스 리포터도 했어요. 별도로 취재해서 내보내는 작은 코너를 맡았죠.",2025 진행직군 인터뷰,,
20,진행,시사,리포터,C1,노동권 침해,임금체불·결방,취재를 가야 하는 곳이 무조건 밤에 가야하는 곳이 있었어요. 근데 카메라 문제로 화면이 잘 안 담긴거에요. 아이템은 위에서 골랐는데 방송이 못 나갔죠. 당연히 그에 대한 보수는 못받은거고요.,2025 진행직군 인터뷰,,
21,진행,시사,기상캐스터,C1,기타,지속 동기,"일단 하루를 일찍 시작하는 거 그리고 나중 갈수록 조금 힘들었는데 처음에는 오히려 그게 조금 활력이 들기는 했어요. 왜냐면 그렇게 아침 일찍 일어나서 남들 막 일어날 그 무렵에 저는 이미 어떤 결과물을 하나 만들어냈잖아요. 그거에 대한 성취감이 굉장히 컸던 것 같아요. 마감이 매일매일 있었기 때문에, 그 짧은 시간에 나의 모든 에너지를 쏟아서 하나의 결과물을 만들어내는거죠.",2025 진행직군 인터뷰,,
22,진행,시사,기상캐스터,C1,노동환경,건강권,"휴가는 한 번도 안 썼죠. 근데 제가 좀 잘 붓고 조금만 먹어도 막 살도 금방 찌는 체질이라, 새벽 방송 하려고 저녁을 계속 안 먹었었거든요. 그래서 살도 갑자기 훅 빠지고 건강이 안좋아졌나봐요. 그래서 한 2~3일을 정말 너무 아파서 막 앓아누웠던 적이 있거든요. 그때 방송을 쉰 게 한 번 있어요.",2025 진행직군 인터뷰,,
23,진행,시사,기상캐스터,C1,노동권 침해,성차별·외모평가,"외모에 대해서 잣대를 되게 들이밀기 쉬운 환경인 것 같아요. 화면에 잡히는 범위 자체가 어쨌든 내 실루엣이 다 드러나는 방송 직군일수록 신체적인 거에 대해서 신경을 되게 많이 쓰는 편이기는 한 것 같아요. 저는 그게 '방송인은 시청자들한테 단 조금도 불편함을 줘서는 안 된다'는 거에서 나온다고 생각해요. 어쨌든 방송은 시청을 하는 매체니까, 방송 나오는 사람이 '옷에 살이 좀 이렇게 울퉁불퉁하게 튀어나와 있다', '달라붙는 옷을 입어서' 혹은 '너무 맞지 않는 큰 옷을 입고 있다'고 하면 거슬리잖아요. 어쨌든 방송에 나온다는 이유만으로 그런 게 다 검열의 대상이 되니까요.",2025 진행직군 인터뷰,,
24,진행,시사,기상캐스터,C1,노동환경,저임금노동,"소득으로 모자라서 월세는 부모님이 내주셨어요. 너무 스트레스죠. 부모님께 손을 벌리는 것도 너무 죄송하지만, 돈을 모을 수 없는 거에요. 나한테 들어오는 돈이 다 일하면서 써야하는 돈인 거죠.",2025 진행직군 인터뷰,,
25,진행,시사,리포터,C1,노동권 침해,조직문화·괴롭힘,"배정되는 촬영 감독 중에서 같이 일하기 힘들게 하는 분이 있었어요. 이동하면서 업무적으로 미리 소통하고 상의를 해야하는데 본인 기분 나쁘다고 말을 아예 대꾸도 안하거나, 사람 불편하게 계속 눈치를 주는거죠. 촬영을 할 때 마이크 선이 카메라에 연결되어 있잖아요. 제가 멘트도 다 안끝났는데 카메라를 갑자기 이동하는거에요. 마치 개 목줄 끌고 가듯이 되는거죠. 더 악질적인 거는 이분이 그렇게 하는건 젊은 여성이나 어린 친구들만 괴롭힌다는 거죠.",2025 진행직군 인터뷰,,
26,진행,시사,기상캐스터,C1,노동권 침해,해고·계약해지,"근데 그때 막 울고 싶기도 하고 슬펐죠. 나는 이 회사에 와서 진짜 너무 열심히 한 기억밖에 없는데 최선을 다한 것에 대한 결과가 재정 문제로 인한 구조조정과 해고 통보라는 게 너무 씁쓸했어요. 이게 진짜 프리랜서 현실인가 이게 미래인가. 근데 이건 제 힘으로 어떻게 못하잖아요. 그래서 제 분노가 향해야 하는 방향을 잃으니까 너무 힘들었어요. 회사 분들이 나를 안쓰러워하는 게 너무 자존심 상하고, 너무 스스로도 불쌍해서 엄청 괜찮은 척 했어요. 괜찮은 척 하려고 진짜 애쓰면서 몇 달을 보내고 나와서 막 무너졌죠.",2025 진행직군 인터뷰,,
27,진행,시사,아나운서,C1,시작단계,진입과정,"만약에 뭐 이번 주 다음 주 토요일이 영상 촬영일이라면, 며칠은 좀 식단도 더 열심히 하게 되죠. 그 영상에 50만 원을 쏟아부었기 때문에, 나를 가꾸는 데 훨씬 더 많은 공을 들일 거예요. 그런 변화가 모이고 모이면 그래도 조금은 더 좋은 상태에 제가 되어 있거든요.  근데 그게 스스로도 아니까 거기에 대한 만족감이 있죠. 그때는 사실 뭐 방송에만 국한됐다기보다 그냥 개인으로서 열심히 살아가는 데에 중요하다고 생각해서 나의 모든 노력이 유익하다고 믿는 것 같아요.",2025 진행직군 인터뷰,,
28,진행,시사,기상캐스터,C1,기타,개선방향,제일 바뀌어야 하는 건 급여죠. 급여. 한달에 뭐 130~140만 원이 말이 됩니까? 심지어 출신 지역도 아니어서 집도 없는데 월세며 식비며 또 어떻게 이렇게 생활해요. 아무래도 적어도 의식주는 해결을 해줘야죠. 저는 심지어 일주일 후부터 출근이어서 바로 들어갈 집이 없어서 숙소에서 몇 달 지냈어요.,2025 진행직군 인터뷰,,
29,진행,시사,기상캐스터,C2,노동권 침해,해고·계약해지,"부장님이 여기저기 알아보니 답변이 법적 분쟁이 생기면 다 책임져야 된다고 하는 거죠. 2년을 넘기면 정규직 소송 낼까봐인거죠. 자기도 고민을 하다가 결국 안타깝게 됐다며 여기까지 하는 걸로 됐다고 하는 거죠. 저도 그때 그냥 너무 계속 불안해하고 있는 상황이었으니까, 그냥 그때는 알겠다고 하고 딱히 뭐 이의제기도 안 하고, 그때 이후로 그냥 정리해서 딱 한 달 채우고 왔던 것 같아요.",2025 진행직군 인터뷰,,
30,진행,시사,기상캐스터,C2,노동권 침해,임금체불·결방,"재난이 나면 저희 그 40분짜리 지역 뉴스는 그냥 없어져요. 계엄 사태나 재난, 폭우 이런 게 생기면, 방송이 날라가죠. 근데 그게 보통 당일에 통보가 되거든요. 그럼 저는 준비하려고 왔는데 '오늘 뉴스 죽었어' 이렇게 된 적도 있고, 처음에 뭐 1~2번은 휴가라고 생각했는데, 특히 계엄 때는 한 달에 막 한 4~5번씩 날라가는 거예요. 수입도 그만큼 주는 건 거예요. 월급이 4분의 1이 날라가니까, 기본 얼마 보전해주는 것도 없고 하니까.",2025 진행직군 인터뷰,,
31,진행,시사,아나운서,C2,기타,향후 진로·전망,"이게 과정일 수도 있고 아니면, 여기가 진짜 마지막 손절 타이밍일 수 있다고 생각을 하거든요. 인생의 선택이니까. 그걸 결정하기가 너무 힘들었어요. 정말 이건 아닌 것 같으니 또 해봐도 비슷한 것 같은 거예요. 지상파3사 정규직이 아닌 이상 프리랜서인거고, 그럼 불안정한 건 똑같고, 돈 제대로 안 받는 것도 똑같고, 경쟁률이 높으니까 경쟁력이 떨어지면 내가 떠나는 게 맞다는 생각이 들었던 것도 있어요.",2025 진행직군 인터뷰,,
32,진행,시사,기상캐스터,C2,노동환경,건강권,"딱 한 번 쉰 적이 있었는데, 그때 아파서 진짜 응급실을 실려 간 거예요. 그때는 진짜 제가 뭐 아파도 할 수 있는 지경이 아니어서 못 갈 것 같다고 말씀을 드려서 그날은 그럼 쉬어라고 하신거죠. 보통 그럼 CG만 사람 없이 나가거든요. 누가 봐도 제가 없는 느낌으로 나가요. 시청자가 보기에도 그렇고 누가 봐도 그러니까, 그냥 저도 항상 아 웬만하면 절대 빠지는 일은 없다고 대타는 없고 뭐 휴가도 없다는 이런 마음으로 했던 것 같아요.",2025 진행직군 인터뷰,,
33,진행,시사,기상캐스터,C2,노동권 침해,고용불안,"제가 왜 그만두시냐 전 처음에 엄청 설레는 마음으로 와서 얘기했더니, 자기는 그때 살아남았지만 눈앞에서 동료 기상캐스터가 잘리는 걸 봤다고 하시는 거에요. 옆에 버젓이 아직 사람이 있는데 기상캐스터 구하는 공고가 올라왔대요. 그런 걸 경험하니까 불안정성에 대해서 생각이 많아져서 다른 길을 결정한 거죠.",2025 진행직군 인터뷰,,
34,진행,시사,기상캐스터,C2,노동권 침해,성차별·외모평가,"확실히 그냥 자기 만족을 위해서라도 보여지는 거에 있어서, 살이나 외모 이런 건 진짜 신경을 쓸 수 밖에 없는 것 같고, 예를 들어 다른 자리도 제안을 받으려고 해도 나올 수 있는 얘기가 '실물은 진짜 예쁜데 카메라에 되게 안 담긴다' 막 이런 거죠. 저도 이제 그런 말들이 '아 뭐 하나의 평가 기준이겠다' 싶었고 확실히 만약 제가 진짜 만약 외모가 괜찮아서 자기들 마음에 들었으면 그럼 진짜 뭐 2년 넘겨 쓸 수도 있고, 만약 외모가 좋게 작용을 했다면, 진짜 그게 약간 어떤 결정에 직결된다싶죠. 업무 태도 이런 거랑 상관없이 항상 중요하구나 이 생각은 들었던 것 같아요. 그리고 뽑히는 기상캐스터들을 봤을 때도 실력 이런 것도 중요하지만 그 당시 결정권자의 취향이라고 해야 하나 그런 게 많이 작용한다고 느꼈죠.",2025 진행직군 인터뷰,,
35,진행,시사,아나운서,C2,노동권 침해,연령차별·직업수명,"진짜 여성은 31살에도 뽑히는 경우가 있는 거지, 대다수가 한 26~28살 인 것 같아요. 이 연령에서 합격자가 많이 발생을 하니까.",2025 진행직군 인터뷰,,
36,진행,시사,아나운서,C2,기타,구조적 문제점,"일단 진짜 너무 방송은 아나운서나 기상캐스트의 전문성에 대해서 그 분야에 대해서 오래 방송을 해봤고 많이 알고 있는 것보다 중요한 게 보여지는 것과 나이, 외모 이런 거구나 싶어요.  당연히 나이가 어릴수록 더 좋은 외모를 가지고 관리를 할 것이고 그런 것들이 더 중요하니까 금방 금방 대체를 하는 거죠. 사실 법이 2년 넘기면 정규직 이런거 없더라도, 그분들의 마음은 애초에 오래 쓸 생각은 없다고 느꼈거든요.",2025 진행직군 인터뷰,,
37,진행,시사,기상캐스터,C2,노동권 침해,성희롱,"영상을 몸이 잘 보이게 캡쳐를 해서 또 올려요. 유튜브에 많거든요. 그런 걸 보면 이게 좋은 건가 싶죠. 팬인지 뭔진 모르겠지만, 어떻게 보면 관심이지만 어떻게 보면 되게 성희롱에 가깝기도 해서. 방송과 관계없는 외모나 몸매만 부각하는 무언가를 또 재생산할 때가 많아서, 그런 거는 확실히 기분 나쁜 쪽에 가깝긴 하죠. 그렇게 한 번 더 함으로써 자기들이 뭔가를 본다 생각하면 기분이 좀 나쁜 것도 맞고, 근데 막 댓글 달리고 이러지는 않아서 불평까지는 안 해봤어요.",2025 진행직군 인터뷰,,
38,진행,시사,기상캐스터,C2,노동권 침해,성차별·외모평가,"약간 거의 미용실 수준의 도구가 있어줘야 손 기술과 상관없이 잘 나오기도 하거든요. 근데 이제 그걸 못 받으니까 내가 사야 되니까. 뭐 그런 뭐 띄우기 꽁 띄우기 용 뭐 웨이브 넣기용 다양한 도구의 목적을 가지고 여러 종류의 고데기가 필요해서 그걸 4개를 샀던 것 같고, 비슷하게 화장품도 마찬가지인 것 같아요. 속눈썹 같은 것도 항상 샵에서 받는 그 모든 것을 내가 구현하기 위해서 속눈썹도 필요하니까 속눈썹 사고 보통 우리가 일상적으로 데일리 할 때는 필요 없거든요. 속눈썹은 근데 이제 방송할 때는 필요하니까 보통 다 하는 게 관행이니까. 속눈썹도 그럼 사고 그다음에 뭐 그거에 필요한 브러쉬나 이런 거 다 사고 그니까 기본적으로 그 꾸밈 비용이 많이 높아지긴 하죠.",2025 진행직군 인터뷰,,
39,진행,시사,리포터,C3,노동환경,저임금노동,"사실 처우랑 너무 힘들어서 빨리 그만뒀어요. 일단 취재비를 1만 5천 원 정도에 한번 출연하고 취재까지 다 해서 녹음을 해오고, 인터뷰 녹음을 제가 듣고 하나하나 다 받아 적어서 원고를 4~5페이지를 만들어요. 그걸 1만 5천 원을 줬어요. 멀리 취재를 가면 버스비도 안나오는거죠. 한 6개월 일했던 거 같아요.",2025 진행직군 인터뷰,,
40,진행,시사,기상캐스터,C3,업무단계,근무방식,"노동강도는 기상캐스터가 아나운서보다 더 높아요. 똑같이 뉴스에 출연을 한다고 하면 아나운서가 분량은 더 많죠. 페이도 아나운서가 더 많이 받는 구조인데, 출연하는 분량에 비해서는 기상캐스터가 더 많이 받는다고 생각할 수도 있지만, 저 같은 경우 출근해서 먼저 준비해야하는 업무가 많아요. 뉴스 통보문 확인하고, 원고 쓰고, 그림 그려서 CG 의뢰하고, 확인하고, 그 다음에 프롬프트가 없으니 대본 외우고 나가야 하죠.",2025 진행직군 인터뷰,,
41,진행,시사,아나운서,C3,시작단계,진입과정,"사실 옛날처럼 뽑는 게 더 나은 건가라는 생각이 들었는데. 예전에는 면접보는 날에 너무 많은 사람들이 헤어 메이크업을 예약해서 저는 새벽 2시에 헤어 메이크업을 받았어요. 새벽이니까 추가 비용이 있어서, 14만 원이 더 들었어요. 옷도 빌려야 하는데 예약도 쉽지 않죠. 그래서 면접 가면 사람이 7~800명 있으니까 한 사람한테 주어진 시간은 30초밖에 없죠. 30초 읽어보세요. 하고 네 다음, 네 다음, 네 다음, 이렇게 되는 거죠. 과연 이 공장형으로 돌아가는 이 채용 형식이 과연 더 적당한가라는 생각도 들죠.",2025 진행직군 인터뷰,,
42,진행,시사,아나운서,C3,기타,향후 진로·전망,"이직이 잦을 수밖에 없는 게 불안하잖아요. 내가 나를 1년을 더 써줄까 2년을 써줄까 이런 것도 불안하기도 하고, 또 워낙 아나운서 꿈이 있는 친구들은 자기 지역이 아닌 데서 살잖아요. 회사도 좋고 다 좋은데 정말 외로운 거 어떻게 할 수가 없고. 그러니까 자꾸 이직을 생각하게 됐죠. 정규직이 아닌 이상은 아무리 회사에서 날 오래 써준다고 해도 5년 이상 쓸까 싶고, 5년도 사실 진짜 많이 써준 거죠. 나이도 들고 뭔가 젊고 예쁜 친구들 쓰고 싶어 한다는 생각이 너무 많다 보니까, 대체자가 너무 많다 보니까, 하루라도 빨리 조금 더 높은 자리에 가서 네임밸류를 만들어서 프리로 넘어간다던지 생각했었거든요.",2025 진행직군 인터뷰,,
43,진행,시사,기상캐스터,C3,노동권 침해,성희롱,"인터넷 상의 성희롱으로 스트레스 많이 받죠. 그래서 어느 순간은 안 보기 시작했고, 어느 순간엔 더 더 보수적으로 옷을 입으려고 이제 그 협찬사한테 전화까지 해가지고 저는 스트레스 너무 많이 받는다고 제발 옷 그냥 큰 거 보내달라해서 옷 큰 거 입고 하기도 했어요.",2025 진행직군 인터뷰,,
44,진행,시사,기상캐스터,C3,기타,개선방향,"저는 학원에서 스스로를 기상 전문가라고 생각해야지 나는 그냥 예쁜 거만 남은 캐스터라고 생각하지 말라고 배웠어요. 캐스터라는 의미 자체가 원래 전문성이 있는거잖아요. 스포츠도 캐스터가 붙으면 전문 지식을 갖고 중계를 하는 거고, 너네도 기상 캐스터가 됐으면 기상에 대한 전문적인 지식을 갖고 임하는 자세가 너네를 가볍게 보이지 않게 할 거다 라는 걸 가르치는 거죠.",2025 진행직군 인터뷰,,
45,진행,시사,아나운서,C3,기타,향후 진로·전망,"플랜B를 항상 생각할 수밖에 없죠. 만약에 방송을 안 하면 뭘 할까라는 생각들 항상 하고 있어요. 현타도 많이 와요. 다른 친구들은 똑같이 사회생활 시작했는데 친구들은 대리 달고 뭐 점점 올라가는데, 나는 계속 이사를 해야 하니까 이사 비용도 들고, 아나운서는 꾸밈 비용도 들잖아요. 사실 얼굴에 다른 걸 못하더라도 피부 관리는 해야 하지, 일은 열심히 하는데 모이는 돈이 많지 않고. ",2025 진행직군 인터뷰,,
46,진행,시사,아나운서,C3,기타,구조적 문제점,"일단 가장 큰 원인은 수요와 공급에 맞지 않다는 거죠. 이 직업을 하고 싶어 하는 친구들이 너무 많고, 방송사는 그걸 너무 잘 알고 있어요. 4~500명 중에 한 명을 뽑았는데 그러면 우리가 그 수많은 사람들 중에서 한 명을 뽑았으니, 이 사람 소중히 대해줘야 되는 거잖아요. 근데 그게 아니라 수백 명 중에 널 뽑았지만, 너 좀 못하거나 너 좀 못생겨지거나, 너 좀 살찌거나, 너 좀 인기 없거나, 너 좀 못하면, 언제든지 너 자리를 대체할 너무 예쁘고 좋은 애들이 많아라는 걸 무기로 삼으면 안 된다는 거죠.",2025 진행직군 인터뷰,,
47,기술,유튜브,촬영,M11,노동환경,장시간노동,"보통 총 한 9부라고 치면은 3부 정도를 이제 하루에 몰아서 찍는 거죠. 하루에 몰아서 찍는데, 그게 보통 시간을 따지면 한 3분짜리 영상을 한 12시간 정도 촬영했던 것 같아요. 하루에 12시간 정도 또는 조금 넘겨서 찍었던 것 같아요.",2024 유튜브 제작종사자 FGI,,
48,기술,유튜브,촬영,M11,업무단계,계약형태,계약서를 따로 쓰진 않아요. 쓰는 경우가 거의 없다고 보는 것 같아요. 장기적으로 하는 계약하는 거면은 모르겠는데 그냥 단발성으로 가끔가끔 하는 거니까 그렇게 요구하는 사람도 저도 보지도 못했고 하자는 사람 없죠,2024 유튜브 제작종사자 FGI,,
49,기술,유튜브,촬영,M11,노동권 침해,고용불안,일을 구하지 못해서 요새 막 저 포함해서 다른 촬영 감독들도 대리도 뛰고 막 그래요. 쿠팡 알바도 뛰는 사람도 있고 저도 뭐 일일 알바 찾아다니면서 버티죠.,2024 유튜브 제작종사자 FGI,,
50,기술,유튜브,촬영,M11,노동권 침해,임금체불·결방,"한때 뮤직비디오가 임금체불이 너무 많았어요. 그때 저도 못 받은 돈 금액 따지면 한 2~3천 만원 되는 것 같아요. 웹드라마도 초기에는 사기치는 데가 많았죠. 뻔한 수법으로 다 사기를 치니까... 뭐 일단 '끝나고 돈 줄게'라고 시작을 해서 찍고나서 폐업하고, 다른 이름으로 사업자를 내고 그러면 돈 받을 길이 없는 거죠.",2024 유튜브 제작종사자 FGI,,
51,기술,유튜브,촬영,M11,노동환경,건강권,"드라마는 사실 요즘에 이제 그런 산재를 조심하는 분위기고 좀 준비를 하잖아요. 유튜브는 뭐 아직 그렇게까지는 아닌 것 같은데, 위험한 데를 촬영하러 간다든가 그러면, 뭔가 좀 위험할 수도 있겠다는 생각은 드네요. 왜냐하면 그런 대비는 잘 안 되어 있으니까.",2024 유튜브 제작종사자 FGI,,
52,기술,유튜브,촬영,M11,기타,향후 진로·전망,제가 당장 저도 막 나이가 적은 편도 아니고 그래서 저도 당장 유튜브 쪽으로 뭘 어떻게 해야겠다가 사실은 저도 막막해요. 보통 유튜브 쪽이 촬영만 구하는 데가 별로 없더라고요. 촬영하고 편집을 같이 할 사람을 구하더라고요. 많이 총괄적으로 해주는 사람을 원하더라고요.,2024 유튜브 제작종사자 FGI,,
53,기타,유튜브,후반작업,O11,업무단계,업무내용,"유튜브는 영세하다 보니까 그냥 핀만 채워서 카메라 감독님들이 많으시다 보니까. 각 출연자들별로 딜레이도 많이 생기고, 음량 차이도 많이 나고, 노이즈도 많이 타서, 그걸 손 봐서 음악이랑 효과음 넣고 믹싱하는 작업을 하고 있어요.",2024 유튜브 제작종사자 FGI,,
54,기타,유튜브,후반작업,O11,업무단계,근무방식,작업시간은 작업자의 역량이나 그 주시는 소스에 따라 다르기는 한데 10분 정도 물 제작하는 데 저는 한 3시간에서 4시간 정도 걸리긴 하거든요.,2024 유튜브 제작종사자 FGI,,
55,기타,유튜브,후반작업,O11,시작단계,진입과정,일감 의뢰는 크몽으로도 유튜브 콘텐츠 같은 거는 급할 때 연락 주세요. 그니까 기존에 하던 업체가 무슨 사유로 못하는 경우에는 크몽같은 플랫폼으로 땜빵처럼 구해서 일을 의뢰하시더라고요.,2024 유튜브 제작종사자 FGI,,
56,기타,유튜브,후반작업,O11,노동환경,건강권,"이명은 그냥 뭐 있는 것이고, 집에서는 이어폰을 꼽고 하고, 회사에서는 스피커가 있어서 이어폰을 쓰지는 않는데 근데 큰 소리에 좀 노출이 좀 되다 보니까",2024 유튜브 제작종사자 FGI,,
57,기타,유튜브,후반작업,O11,기타,향후 진로·전망,영화나 아니면 진짜 좀 웰메이드 드라마 이런 데야 음향을 신경 쓰고 음악을 신경 쓰고 하면서 하는데. 거기도 사실 엔지니어들에 대한 비중보다는 음악감독에 대한 비중이 높아지면서 그쪽으로는 또 비용을 많이 쓰는 게 있어요. 사실 믹싱이라던지 뭐 사운드 디자인 이런 쪽으로는 양극화가 되어서 이런 유튜브처럼 사실 저렴한 단가에 그냥 빨리 대충 쳐서라도 하는 일 아니면 비싸게 받고 잘해야 하는 일로 나뉘죠. 유튜브가 중간을 없애는 게 하향 평준화를 시키는 게 아닌가 생각해요.,2024 유튜브 제작종사자 FGI,,
58,기획,유튜브,피디,P11,노동환경,장시간노동,처음에 편집이 손에 안 익었을 때는 6일 정도 출근하고 하루 쉬고 했어요. 조금 익으면서 이제 5일 출근해서 일하고 있어요. 출근하면 업무 시간이 하루 8시간 이런 게 아니라 뭐 11~12시간 정도 일했어요.,2024 유튜브 제작종사자 FGI,,
59,기획,유튜브,피디,P11,업무단계,근무방식,"여기선 가르쳐주는 사람이 없잖아요. 제가 올린 영상이 그 반응은 나쁘지 않아서 전 제가 만든 영상에 대한 자부심도 있고 그랬었는데, 처음 프로덕션에 들어가서 큰 채널을 맡보니까 약간 충격 먹었었거든요. 저보다 연차 높은 피디님들의 피드백을 받았을 때, 내가 더 아직 배울 게 많이 남아있구나 느꼈죠.",2024 유튜브 제작종사자 FGI,,
60,기획,유튜브,피디,P11,노동환경,건강권,"일을 쉬고 있는 이유가 건강상의 문제인 건데, 원인이 여러 가지가 있겠지만 아무래도 그 일하면서 밤샌 적도 많고, 근무 시간도 일반 직장인들에 비해서 길고 하다 보니까 그런 거 아닐까.",2024 유튜브 제작종사자 FGI,,
61,기획,유튜브,피디,P11,기타,지속 동기,"처음에 그 건강 문제가 생겼다는 걸 알았을 때는 이쪽 일을 안 하려고 했어요. 근데 몇 달 고민해보니까 제가 할 줄 아는 게 이거 밖에 없기도 하고, 살면서 다른 일을 한다고 즐겁게 일을 할 수 있을 것 같지 않은 거예요. 이 일을 할 때가 제일 즐거울 것 같다는 생각이 들어서 계속하기로 했습니다.",2024 유튜브 제작종사자 FGI,,
62,기획,유튜브,피디,P12,업무단계,근무방식,"급하게 영상에서 이런 부분이 안 들어가면 안 될 것 같다고 갑자기 급하게 요청이 와서 급하게 수정해야 해서 회사에 달려간 적도 있어요. 어떻게 보면은 너무 가혹한 거 아니냐라고 할 수 있지만, 근데 영상 일을 하다 보면 꼭 그런 일 한 번씩 있어요. 엄청 변수가 많은 직업이잖아요.",2024 유튜브 제작종사자 FGI,,
63,기획,유튜브,피디,P12,기타,향후 진로·전망,"편집 일을 계속 하라면 하겠는데, 목 건강에 많이 무리가 가겠다 싶었죠. 편집 전문보다는 그냥 기획 촬영 편집 이렇게 약간 밸런스 있게 할 수 있는 그런 피디가 되어야겠다 싶어서. 좀 피디 쪽으로 이제 아예 틀어야겠다고 생각한거죠.",2024 유튜브 제작종사자 FGI,,
64,기획,유튜브,피디,P12,업무단계,업무내용,"조회수 떨어졌다고 바꿔라는 식의 피드백이 물론 있어요. 근데 막 바꾸면은 사실 왜 떨어졌는지도 모르는 경우가 너무 많아요. 조회수는 진짜 알다가도 몰라가지고 어떤 영상은 막 떠요. 그럼 왜 떴지 하면서 분석해서 똑같이 해도 안 떠요. 그러다 보니 진짜 랜덤 스트레스죠. 근데 결국 확실한 건, 똑같은 컨텐츠 그대로 밀고 가면, 결국엔 사람들이 질려요.",2024 유튜브 제작종사자 FGI,,
65,기획,유튜브,피디,P13,노동권 침해,임금체불·결방,"돈 안 준 건 전부 다 아는 사람이었어요. 아는 선배, 아는 지인 이런 분들이 오히려... 이렇게 이제 좀 어려워져가지고하면서 말하는 경우가 100%였어요. 항상 저는 아는 사람들이 오히려 돈을 좀 많이 안 주고 연락 안 받고 힘들다 그러고. 일단 이거 700 먼저 이따가 줄게, 뭐 그런 경우도 있고요.",2024 유튜브 제작종사자 FGI,,
66,기획,유튜브,피디,P13,노동환경,장시간노동,"유튜브 채널인데 거의 회사급으로 큰 데를 많이 가보게 되요. 회의도 하러 가고 일도 하러 가는데, 안타까운 게 거기 진짜 구조가 위에 몇 명 말고는 정말 젊은 친구들을 갈아넣어서 유지하는 게 눈에 너무 보여요. 진짜 뭐 20대 후반의 친구를 팀장으로 앉혀놓고 이제 뭐 잠만자게 해주면서 진짜 갈아대는 거죠. 그래서 슬쩍 물어보면 일단 야근수당 없고 대체휴무를 주는데 대체휴무가 지금 100개가 쌓였대요. 못 써. 쓸 시간이 없어서 그 의미가 없는 거잖아요. 그래서 막 저번에도 주말에 이제 같이 일하는데 막 코피 쏘고 그러더라고요. 사람이 코피 쏘는 거 10년 만에 봤거든요.",2024 유튜브 제작종사자 FGI,,
67,기획,유튜브,피디,P13,노동환경,저임금노동,"일반적인 시장에서의 인건비는 올라가고 있는데, 요즘 막 서로 자기 인건비를 계속 깎고 있어요. 극한으로 깎아서 그냥 포트폴리오 만드는 목적도 있겠지만, 그거라도 하고 싶어서도 있죠. 그럼 이제 유튜브 쪽은 그게 기준이 되어버려요. '분당 2만 원 해주시던데' 이렇게 돼버리면 그럼 또 무슨 일이 일어나냐 여기끼리 또 갈등이 일어나요. 왜 단가를 후려치냐고 그런 거지.",2024 유튜브 제작종사자 FGI,,
68,기획,유튜브,피디,P13,기타,향후 진로·전망,"너무 경쟁자가 많고 성공하기가 쉽지가 않겠다싶고, 유튜브를 주업으로 가져가기가 힘든 것 같아요. 정말 내가 여기 목숨 걸지 않은 다음에야 이제 진입 장벽이 너무 높아졌다라는 생각해요. 그냥 개인이 이걸로 대충 찍어서 쇼츠 이런 게 한 번 뜰 수는 있죠. 근데 성공적인 채널로 가기에는 너무나 많은 경쟁자들이 거의 비슷한 포맷이 많죠. 그런 쪽 고민이 많고 또 어떻게 보면 유튜브가 또 변해가고 있기 때문에…",2024 유튜브 제작종사자 FGI,,
69,기획,유튜브,피디,P14,업무단계,업무내용,"격주로 2개씩 영상이 뜨고, 2주 동안은 이제 2개를 편집하고 이런 식으로 진행이 돼서… 기획이 끝난 다음부터는 이제 거의 회사에서 살다시피 편집만 달리는 식이죠. 그 후는 편집 다음에는 촬영, 촬영 끝나면 이제 편집하고 자막 쓰고 올리고 CG하고 믹싱하고 이런 작업들을 해요.",2024 유튜브 제작종사자 FGI,,
70,기획,유튜브,피디,P14,기타,구조적 문제점,"선배가 있고 어느 정도 방송 바닥이었으면은 어느 정도 1차적으로 쿠션이 있는데, 온전히 자기가 책임을 져야 되니까. 만일 나는 시작한 지 얼마 안 된 피디인데, 내가 컨텐츠을 만들어서 이건 누가 봐주지도 않았는데 바로 대뜸 평가가 들어와 버린 거니까 어려움이 있죠.",2024 유튜브 제작종사자 FGI,,
71,기획,기타,피디,P14,노동환경,건강권,"같이 일하는 분들은 허리나 목 디스크, 이런 데는 고질병을 갖고 계시고. 대체적으로 계속 앉아서 편집을 많이 하다 보니까…. 어쩔 수 없이 목이나 허리, 귀, 손가락, 손목 터널 증후군 이런 것들을 다들 조금씩 다 갖고 계신 것 같고, 이거는 사무직들도 많이 갖고 있는거긴 하죠.",2024 유튜브 제작종사자 FGI,,
72,기획,기타,피디,P14,기타,향후 진로·전망,"콘텐츠가 지금 서로가 그냥 상호 보완이 아니라 서로 잡아먹는 관계가 되어서 소비자들의 시간이 딱 정해져 있으니까, 자기가 가진 시간이라는 자원이 한정적이니까. 그 시간 타먹기 싸움이 되는 것 같아요.",2024 유튜브 제작종사자 FGI,,
73,기획,유튜브,작가,W11,노동권 침해,임금체불·결방,되게 늦게 지급된다거나 그런 경우도 딱히 뭐 소송하기도 애매하죠. 제작사 사정상 언제 좀 늦게 입금될 것 같다고 하면 그냥 아 뭐 그렇구나 하고 받아들여야 되고… 그 원래 지급하기로 했던 날보다 한 3개월 늦게 받기도 했어요.,2024 유튜브 제작종사자 FGI,,
74,기획,시사,작가,W12,노동환경,장시간노동,사무실에서 저녁 8~9시까지 일하다가 배가 고프거나 졸리면 이제 집에 가요. 집에서 환기를 싹 한 다음에 다시 일을 해요. 그 다음에 새벽 한 4~5시까지 일하고 졸리면 씻어요. 샤워를 하고 다시 앉아서 한 7~8시까지 구성을 마무리해서 메인 작가님한테 보내죠. 메인 작가님이 확인을 하는 동안 다시 이제 준비를 해서 사무실 가는 거죠. 아니면 1~2시간 잠을 자거나... 그러고 나서 이제 다시 그날 근무를 하는 거예요. 그거를 8개월을 했죠.,2024 유튜브 제작종사자 FGI,,
75,기획,시사,작가,W12,노동환경,건강권,"일주일에 한 아예 못 자는 날은 한 2~3번씩 못 자고, 그래서 계속 건강이 안 좋아지는 거예요. 건강 때문에 아침 방송을 그만두고서, 어떤 걸 해야 할까 고민했죠. 방송을 아직은 좀 더 하고 싶다고 생각이 들어서, 좀 워라밸을 챙길 수 있는 데를 가면 그나마 좀 건강을 챙길 수 있지 않을까 생각해서 그나마 유튜브 쪽이 좀 괜찮다고 그런 걸 챙길 수 있다라고 해서 그쪽으로 간 거였죠.",2024 유튜브 제작종사자 FGI,,
76,기획,유튜브,작가,W12,노동권 침해,임금체불·결방,"퇴사를 고민을 하고 있는 이유가 이게 페이가 밀려요. 많이씩 밀리는 건 아니고 반년 동안 제 날짜에 월급을 받은 적이 없는 거예요. 보통 하루 이틀 밀리긴 해요. 그 정도는 뭐 그냥 솔직히 밀리면 안 되는 거지만 이해해 줄 수는 있거든요. 근데 좀 이렇게 밀릴 것 같으면 최소한 하루 전에 얘기를 해줬으면 좋겠는데, 그런 것도 없고, 안 들어오면 약간 사람들이 짜증이 나서 물어보고 그럼 그제서야 돼요. 확인을 해주고 근데 이제 저만 밀리는 게 아니라, 제가 섭외한 MC, 사진작가, 헤어메이크업 이런 사람들도 다 밀리는거죠.",2024 유튜브 제작종사자 FGI,,
77,기획,유튜브,작가,W12,노동권 침해,조직문화·괴롭힘,시사를 하는데 마음에 안 든다고 저한테 핸드폰을 집어던진 거에요. 제가 구성한 부분에서 아이템을 가령 2개 밖에 안 넣었다는거죠. 제가 너무 억울했죠. 왜냐하면 제가 일부러 더 많이 찾아서 많이 보냈는데 피디가 맘대로 찍어오고 저는 그걸 당일에 안 거예요.,2024 유튜브 제작종사자 FGI,,
78,기획,교양,작가,W13,업무단계,근무방식,"아예 재택근무로 일하고 있고요. 보통 그 일하는 시간이 정해져 있진 않아요. 그냥 컨텐츠를 만들어내면 되는 거라서, 제가 주에 한 1~2개 정도씩 영상을 만드는데 보통 월요일에 자료 조사, 화요일에 구성안을 써서 넘기고, 그럼 이제 그 구성안으로 리포터가 영상을 찍어서 보내주면, 이제 그거를 편집을 하시는 감독님이 또 편집을 하시고, 거기에 맞춰서 제가 자막을 달죠. 자막을 작성해서 넘기면 그 자막까지 입혀서 이제 영상까지 나오면 금요일이 되죠.",2024 유튜브 제작종사자 FGI,,
79,기획,드라마,작가,W13,업무단계,근무방식,"보조작가 일은 그때도 재택이긴 했는데 그게 오히려 더 괴로웠어요. 차라리 그냥 메인 작가님 앞에 제가 앉아있으면 나한테 언제 일을 시킬지 알 수 있는데, 이게 집에 있으면서 하니까 오히려 더 불안하고 그렇더라고요. 그리고 메인 작가님이 쓰신 원고를 저한테 보내고 피드백 해달래요. 근데 제가 그 막 몇십 년 차이신 분이 쓴 글을 피드백을 '어 여기 별로에요'를 어떻게 돌려서 잘 말하지 고민하는데 시간이 제일 많이 썼어요. 그러다보니 진짜 약간 미칠 것 같아서 금방 그만두긴 했죠.",2024 유튜브 제작종사자 FGI,,
80,기획,유튜브,작가,W14,업무단계,업무내용,"방송할 때보다 더 '잡가'가 된 느낌이에요. 그러니까 피디와 작가의 경계가 더 없어요. 편집에도 같이 뛰어들어야하고, 편집도 같이 익혀서, 옆에서 이렇게 봐줘야 되고... 왜냐면 유튜브 쪽 피디들은 거의 젊은 분들인데, 방송을 아예 안 하고 유튜브로 들어오신 분들이 더 많더라고요.",2024 유튜브 제작종사자 FGI,,
81,기획,유튜브,작가,W14,노동권 침해,해고·계약해지,"이미 원고를 다 보내둔 상태에서 이미 다음 업무들을 끝내 놓은 상태였는데, 해고 통보를 받아가지고, 근데 제가 회당으로 계약이 돼 있었거든요. 편당 계속 계약이 돼 있었는데, 원고는 사실 미리미리 써놓잖아요. 녹화 전에 이미 다음 섭외까지 다 끝내놓은 상황에 그래서 원고를 빨리 작업을 해서 공유했던 건데, 이렇게 일방적으로 통지를 받고서 원고까지 날리게 될 줄은 몰랐죠.",2024 유튜브 제작종사자 FGI,,
82,기획,교양,작가,W14,노동권 침해,조직문화·괴롭힘,메인작가님 카톡에 이모티콘 안 보낸다고 불 꺼진 회의실에 불려가서 혼난 적이 있거든요. 왜 왜 언니 카톡에 이렇게 딱딱하게 대답하냐고 이러면서 채팅창에 막 훑으면서 혼내는거죠.,2024 유튜브 제작종사자 FGI,,
83,기획,교양,작가,W14,노동권 침해,조직문화·괴롭힘,"카톡 오면 3분 안에 답장을 해야 한다는 룰이 있었거든요. 제가 폰을 두고 화장실을 간 거예요. 그래서 화장실에 있는데, 다른 팀 막내들이 막 뛰어오더라고요. 문을 막 두드리면서 빨리 답장하라고 지금 전화 왔다고…",2024 유튜브 제작종사자 FGI,,
84,기획,유튜브,작가,W14,노동환경,휴식권,"진짜 익숙해지지 않는 게 그거였어요. 영상 올리면 바로바로 댓글이 올라온다는 거예요. 반응이 바로 보인다는 거 초기에 할 때마다 조회수가 올라가면서 반응이 보이잖아요. 퇴근하기 전에 업무를 딱 마무리 해놓고서 업로드 해놓고, 퇴근길 지하철에서 영상을 계속 보면서 댓글을 계속 확인한단 말이에요. 이상한 댓글이 올라오진 않나, 자기 전까지 이제 계속 확인을 하는 거죠. 혹시 문제가 생길지 모르니까.",2024 유튜브 제작종사자 FGI,,
85,기획,기타,작가,W15,노동권 침해,조직문화·괴롭힘,"뭐 페미니스트냐고 힐난하는 건 그냥 비일비재하게 어렸을 때는 들었던 것 같고. 요구하는 게 왜 이렇게 많냐고, 요즘 젊은 여자애들은 진짜 이게 문제야라는 말을 진짜 많이 들었거든요. 그렇게 막 많이 요구한 게 아니고 저는 낯도 많이 가리고 하는데. 그리고 좀 막 그렇게 요구하고 싶은 거를 바로 말을 못 하고 좀 약간 오래 이렇게 하다가 근데 이거는 이렇게 하면 더 좋지 않을까요라고 약간 쿠션을 많이 넣어 가지고 말을 하는 편인데도... 저는 폭언도 좀 많이 겪은 것 같아요. 근데 이게 나이가 좀 들면서 빈도가 확실히 많이 줄어들었다고는 느끼고요.",2024 유튜브 제작종사자 FGI,,
86,기획,예능,작가,W16,노동권 침해,임금체불·결방,"지역방송에서 하는 다른 리얼 예능을 한번 했었는데, 가을에 시작했는데 돈은 봄에 들어왔어요. 방송은 진작 끝났는데.",2024 유튜브 제작종사자 FGI,,
87,기획,유튜브,작가,W16,노동환경,건강권,"일부만 보고 전체를 매도하는 현상이 더 심해져서, 유튜브는 훨씬 심한 것 같아요. 예를 들어서 전체 50분 중에 '유아차', '유모차'가 단 30초 나왔다고 쳐봐요. 그러면 그냥 지나가는 말 중에 하나인데 모든 댓글이 다 '유아차', '유모차'를 가지고 뭐라고 하고 있다고 쳐봐요. 만드는 사람 입장에서 허망하기도 하고 제작하는 사람의 그 멘탈이 괜찮은지를 잘 모르겠어요.",2024 유튜브 제작종사자 FGI,,
88,기획,유튜브,작가,W17,업무단계,근무방식,"시사할 때도 계속해서 만나서 웬만하면 하고 싶다고 얘기를 했던 게, 모여서 누가 웃는지, 누가 팍팍 웃는 것도 봐야 되는 거고, 시사 의견을 냈을 때도 사람이 여러 명인데 그 의견에 다 같이 동의해서 끄덕끄덕하는 그런 것도 좀 봐야 돼죠. 집단지성이 필요한 일인데... 또 문제점이 방송처럼 편성이 고정되지 않다보니 막 분량도 마음대로 늘어났다 줄어났다 할 때가 있고.",2024 유튜브 제작종사자 FGI,,
89,기획,유튜브,작가,W17,업무단계,근무방식,"업로드하는 시간이 유튜브도 정해져 있기는 하죠. 방송처럼 이게 언제까지는 반드시 넘어가야지 시간 맞춰서 송출이 된다는 게 없고, 그냥 본인들이 바로 클릭하면 올릴 수 있잖아요. 그렇다 보니까 거의 막판에 막판까지, 계속 수정을 하고 일정을 바꾸고 이제 이런 문제들이 좀 있었어요.",2024 유튜브 제작종사자 FGI,,
90,기획,유튜브,작가,W17,업무단계,근무방식,"뭔가를 만들면 조회수가 안 나오는 게 문제라고, 이것 때문에 광고가 안 들어온다... 이런 식이니까. 성과 측정이 엄청 자의적이에요. 그냥 회사의 지침이 무조건 100만 넘는 걸 만들라고 하면 그거에 맞추려 하겠는데, 어떨 때는 또 댓글의 내용이 문제였다가, 뭐 어떨 때는 조회수는 높지만 댓글이 적어서 그게 문제라거나… 기준을 그냥 입맛대로 얘기할 수 있는 부분이 있어서.",2024 유튜브 제작종사자 FGI,,
91,기획,예능,작가,W17,노동권 침해,임금체불·결방,"광고가 하나도 안 붙더라도 이만큼의 제작비는 우리가 마련을 해놓고, 시작해야 된다는 개념이 흐려져있어요. 나중에 뒤에 붙기로 했던 광고주가 안 붙는다고 해서, 1회를 찍은 서바이벌 프로그램이 안 나가거나 그런 일이 많아요.",2024 유튜브 제작종사자 FGI,,
92,기타,기타,기타,U053,기타,개선방향,방송미디어 업계는 다른 어느 산업군보다도 기형적으로 비정규직이 많다고 느꼈습니다. 비정규직들은 회사의 중요한 일을 함에도 인정받지 못하는 그림자 같은 존재들입니다. 높은 동기를 갖고 입사했으나 점점 고개 숙이고 침묵하고 불행하고 우울한 시간이 많아졌습니다. 비정규직 처우 개선이 시급합니다.,2024 고용불안실태조사,,
93,기획,예능,피디,P113,노동권 침해,고용불안,"방송미디어 종사자는 프리랜서나 단발성 프로젝트 건으로 고용되는 경우가 많습니다. 이럴 경우 고용보장에 대한 것이 매우 불안합니다. 이런 상황을 개선하는 정책이 뒷받침되면 좋겠습니다. 영상을 작업하는 일은 내 이름을 걸고 하는 일이기 때문에 노동은 항상 고됩니다. 주변을 보아도 프로그램을 항상 허투루 하는 동료들은 없습니다. 하지만 정부나 지자체에서 주는 나라 정책은 대부분 받지 못하는 경우가 많습니다. 이러한 상황이 앞으로 개선되어서, 방송 종사자에 대한 처우가 좋아졌으면 하는 바램입니다.",2024 고용불안실태조사,,
94,기술,드라마,촬영,M003,노동권 침해,해고·계약해지,감독 자기 직위를 이용해서 스탭을 강제해고하는 경우가 많습니다. 이 부분이 절대적으로 없어졌으면 좋겠습니다.,2024 고용불안실태조사,,
95,기획,예능,피디,P100,노동권 침해,임금체불·결방,"제작비, 갑작스런 제작 중단 등의 이유로 갑작스레 해고되는 일 등을 막을 수 있거나 비용을 지급받을 수 있는 제도가 필요합니다.",2024 고용불안실태조사,,
96,기획,시사,조연출,P106,노동권 침해,해고·계약해지,"계약직의 경우 프로그램 종료 및 중단 유무의 따라 연장 계약이 이뤄지지 않는 경우, 계약 기간을 남겨두고 중단시키는 경우가 다수라 그런 경우를 보호해 줄 수 있기를 바랍니다.",2024 고용불안실태조사,,
97,기획,교양,작가,W154,노동권 침해,임금체불·결방,"갑작스런 제작 종료, 폐지로 인한 대비 어려움. 기획 단계에서도 동일한 근로를 제공하지만 정당한 임금을 지급 받지 못하는 일이 많아 처우 개선이 필요합니다.",2024 고용불안실태조사,,
98,기타,기타,후반작업,O091,업무단계,계약형태,"프리랜서의 경우, 표준계약서를 작성하는 분위기가 자리잡혀야 하고….",2024 고용불안실태조사,,
99,미술,드라마,소품,Q121,업무단계,계약형태,구두계약으로 인한 피해가 너무 많습니다. 일방적인 계약취소에 따른 불이익도 전혀 고려되지 않고요… 80~90년대 건설노동자보다 고용 환경이 더 안 좋습니다.,2024 고용불안실태조사,,
100,기타,드라마,편집,P172,업무단계,계약형태,대다수의 편집팀은 4대 보험은 커녕 예술인보험을 들기도 어렵고 구두로 계약이 이뤄지는 곳이 많습니다.,2024 고용불안실태조사,,
101,기술,드라마,그립,G035,노동권 침해,고용불안,방송미디어분야는 매우 불안정하다고 생각합니다. 제작기간이 끝난후 근로자의 환경이 일을 지속적으로 유지하기에 힘든점이 많기때문에 그 부분에 도움될만한것들이 필요하다고 생각합니다.,2024 고용불안실태조사,,
102,기획,시사,작가,W049,노동권 침해,해고·계약해지,방송국 내부 사정 등으로 인해 프로그램이 갑자기 없어질 경우 작가나 리포터 등 프리랜서는 그대로 내쫓길 수 밖에 없고 안전망 또한 없습니다. 여기에 대한 최소한의 안전망이 필요하다고 생각합니다.,2024 고용불안실태조사,,
103,기술,드라마,촬영,M056,노동환경,건강권,"촬영 현장은 계약 형태도 그렇지만 안전에 대한 기본적인 절차가 전혀 이뤄지지 않았습니다. 드라마나 영화 촬영장도 건설현장과 같은 위험한 현장인데 적어도 안전에 대한 교육이나 산재보험 가입은 무조건 이뤄져야 할 문제입니다.바쁘다는 핑계로 돈이 없다는 핑계로 무시되어선 안됩니다. 드라마 촬영장은 산재를 당연히 들어야 한다는 것 조차도 모른 채, 위험에 노출되어 일 하고 있습니다.",2024 고용불안실태조사,,
104,기타,드라마,편집,O060,업무단계,계약형태,예술인고용보험이 필수적인걸 모르고 절차가 까다롭다는 이유로 안 해주는 곳도 있었습니다. 기업들이 예술인 고용보험에 대해서 잘 몰라서 고용보험을 요청하면 어렵다는 둥 까다롭다는 둥 보험료를 기업이 다 내야해서 싫다는 등으로 우기니까 계약할 때마다 힘듭니다.,2024 고용불안실태조사,,
105,기획,드라마,조연출,F162,노동권 침해,고용불안,"해온 일이 있다보니 손을 놓기가 어려워요.. 작품은 없고 지금 최장기간 쉬고 있는데, 곧 실업급여일수도 끝나는 시점이라 알바라도 해야 하나 싶고 막막합니다. 해왔던 일 이외 경력은 없으니 회사를 들어가기도 어렵고, 이 일을 계속 하려고 무작정 작품 연락만 기다리자니... 입에 풀칠하기는 어려운 백수생활만 길어지니 답답할 노릇이네요.",2024 고용불안실태조사,,
106,기획,드라마,피디,P028,시작단계,진입과정,인터넷으로 공개된 구직 루트가 활성화되고 정보 공유가 보다 공식적이고 활발하게 이뤄졌으면 좋겠어요.,2024 고용불안실태조사,,
107,기획,드라마,스크립터,W095,기타,개선방향,"방송미디어는 실력도 중요하겠지만, 인맥도 중요해서 능력있는 사람도 인맥이 없으면 일 없이 누군가 불러줄 때까지 마냥 기다리기만 해야합니다. 분야별로 연차나 경력 등으로 세분화하여 인적네트워크가 구성되어 제작자나 연출 등 필요로 하는 곳에서 적합한 인력을 사용하게 하면 좋겠습니다.",2024 고용불안실태조사,,
108,기획,드라마,피디,P138,시작단계,진입과정,헤드헌팅 시스템처럼 인력 풀을 운용하는 회사가 있어서 공정하게 기회를 받으면 어떨까 싶어요. 지금은 그냥 인맥으로만 일자리를 구하니까 실력있는 스탭들이 사라지는거 같고요.,2024 고용불안실태조사,,
109,기획,예능,작가,W176,시작단계,진입과정,방송작가 구인구직은 보통 알음알음이라고 표현할 정도로 주변 지인 추천으로 받는 경우가 많습니다. 이렇게 진행되다보니 구인구직을 할 수 있는 경로가 쉽게 열리지 않는게 사실입니다. 특히 공중파 프로그램은 더욱 심합니다. 아는 인맥이 없으면 구인구직 자리가 나도 이력서 조차 넣어보지 못하는 거죠. 이런 현실적인 문제들을 어떻게 풀어나아갈 수 있을지 앞으로 방송되는 프로그램도 적어질텐데 이런 방법들이라도 해결이 된다면 방송작가들이 구인구직을 더 활발하게 할 수 있는 기회가 될 수도 있다고 생각합니다.,2024 고용불안실태조사,,
110,기타,예능,후반작업,O179,기타,구조적 문제점,기존에 일을 하고 있던 감독이 아랫사람들에게 많은 걸 맡기며 돈은 주지 않거나 최저수준도 안되는 급여로 부려먹는 형태가 아직도 만연합니다. 꿈 가진 젊은애들 이용한 악의죠. 계약서나 원천징수 그런거 없습니다. 본인도 옛날시절에 그렇게 돈 안받고 배워가며 1~2년 버텼다고 이게 당연하다는 꼰대마인드... 차라리 노가다를 해도 이것보단 더 사람 취급 받을걸요.,2024 고용불안실태조사,,
111,기획,교양,작가,W177,노동환경,장시간노동,출퇴근 시간도 고용 계약서에 적혀 있었으면 좋겠습니다. 지키지 않을 시 어떻게 되는지도요. 아예 퇴근이라는 게 없습니다.,2024 고용불안실태조사,,
112,기획,예능,작가,W174,노동권 침해,고용불안,"시즌제 프로그램이 끝나면 다시 구직을 해야하고, 또 프로그램을 들어가더라도 역시 시즌제인 경우가 많습니다. 1년 중 6개월 일하고 6개월 구직하는 게 아니라, 조금 더 안정적으로 일 할 수 있으면 좋겠습니다.",2024 고용불안실태조사,,
113,기획,예능,작가,W169,노동권 침해,임금체불·결방,"OTT 위주의 환경이 되면서 기획이 공모전처럼 되었습니다. 기획에 통과되지 않아도 페이 요구을 할 수 없고, 너무 오래 무급으로 일하게 돼요.",2024 고용불안실태조사,,
114,기획,예능,작가,W167,노동환경,저임금노동,"최저임금의 보호를 받을 수 있는 최저 연차를 제외하면, 10~20년 전과 비교해도 작가들의 고료는 크게 변하지 않았다고 생각합니다. 이런 부분을 개선할 수 있는 방안에 대한 논의가 필요할 것 같습니다.",2024 고용불안실태조사,,
115,기획,드라마,조연출,F014,노동권 침해,고용불안,"고용안정을 위해서 방송사 정규직 채용을 늘리고, 기존 계약직 인력들을 정규직으로 전환해야 한다고 생각합니다. 비정규직으로 일하기 때문에 고용불안이 남아있는 것이라 생각합니다.",2024 고용불안실태조사,,
116,기획,드라마,피디,P025,노동권 침해,임금체불·결방,우선 미지급 사태가 났을때 근로자처럼 보호를 받아야 할꺼 같습니다. 고용노동부에서는 근로자로 취급하지 않아서 보호를 해주지 않습니다.,2024 고용불안실태조사,,
117,기술,드라마,촬영,M050,노동권 침해,고용불안,"구직은 내 의지대로 되는게 아닌것 같습니다. 방송환경에 따라 작품이 있고 없고로 수입에 직결이 되는 상황이라, 제작사들이 작품을 많에 안찍는 요즘은 어찌할 도리가 없는게 현실입니다.",2024 고용불안실태조사,,
118,기획,교양,조연출,F072,노동환경,저임금노동,조연출들의 근무시간 비례 받는 임금이 너무 적다고 생각 듭니다. 조연출들은 항상 남아서 마무리하고 정리하고 파일 백업하고 가면 항상 새벽인데 그에 비해 받는 임금이 적은거 같습니다.,2024 고용불안실태조사,,
119,기획,예능,피디,P078,노동권 침해,고용불안,시즌제 프로그램 사이의 소득 공백을 메울 수 있는 대체노동이나 실업급여 같은 것이 잘 있어야 할 것 같습니다. 무조건 쉬는게 아니라 어떻게 하면 좋을지 적극적인 논의가 필요할 것 같습니다.,2024 고용불안실태조사,,
120,기획,교양,조연출,F090,노동환경,저임금노동,"프리랜서 고용계약서 월급제를 실행하는 팀이 별로없습니다. AD나 편집감독의 경우, 낮은 경력자들이 많기 때문에 한 팀에만 속해 있는 경우가 많은데 편당으로 지급될 경우 생계를 유지하기 힘들 수 있습니다.",2024 고용불안실태조사,,
121,기타,교양,후반작업,O104,업무단계,계약형태,고용보험이나 산재보험 등이 의무화되었으면 좋겠어요,2024 고용불안실태조사,,
122,기술,드라마,조명,G110,노동환경,장시간노동,"보통 드라마 촬영 관련 팀에서 활동할 경우, 새벽 5시 출근하고 다음날 새벽 3시 퇴근 같은 야간 근무가 정말 많았습니다. 하지만 이에 따른 급여 추가 지급은 없었으며, 교통비 또한 문제가 많았습니다.",2024 고용불안실태조사,,
123,기타,기타,후반작업,O116,노동환경,저임금노동,"10년 전이나 20년 전이나 지금이나 방송미디어, 예술 분야는 고용이 굉장히 불안정하고 노력대비 가치평가가 너무도 낮고, 급여도 노력 비해 너무도 낮습니다.",2024 고용불안실태조사,,
124,기획,예능,피디,P118,노동권 침해,고용불안,프리랜서라지만 일이 없던 적이 없어서 몰랐는데 이번에 일자리가 줄면서 이렇게까지 일을 못하게 될 줄은...14년간 방송만 해왔는데... 이젠 뭘 해야할 지 정말 막막하네요,2024 고용불안실태조사,,
125,기획,예능,작가,W050,노동권 침해,조직문화·괴롭힘,아이템을 찾거나 회의를 할때 인신 공격이나 폭언은 기본이고 밤샘을 당연하게 강요해요. 본인의 할일을 아래 작가한테 떠넘기는 일은 허다하고 근무 시간이 아닐때 조차 카톡과 전화를 안 받으면 난리가 나는 경우가 대다수죠. 공휴일에 쉬라고 해서 쉬었다가 다음날 불려간 경우도 있고 들어간지 한달만에 메인작가가 해고되자 해고된 메인작가의 협박에 의해 같이 나오게 된 경우도 있어요.,2024 예능작가실태조사,,
126,기획,예능,작가,W050,노동환경,장시간노동,"최근 일한 팀에서는 기본 8~10시간 근무하고, 중요한 회의 전날엔 페이퍼 작성하느라 밤새는 날도 부지기수였어요. 최장 21시간까지 일했는데 그날도 밤새고 회의를 위해 출근했죠. 최대 21일간 휴일 없이 출근했고요.",2024 예능작가실태조사,,
127,기획,예능,작가,W051,노동환경,저임금노동,"14년차 이상의 작가들은 보통 12~14년차에서 멈춘 임금을 받고 일을 해야하는 상황이 된 거 같아요. 한팀의 작가 페이 총 합은 그대로인데 반해 연차는 계속 높아지기 때문에 내 연차에 맞지 않는 페이를 받는 경우가 많죠. 최저임금으로 저연차 작가들은 임금이 높아졌으나, 유리천장처럼 10년차 중반대의 많은 작가들은 자신의 페이를 깎아가며 일을 해야만 하는 상황이 되었죠.",2024 예능작가실태조사,,
128,기획,예능,작가,W051,노동환경,장시간노동,"쇼양을 하는 막내들은 최저임금만도 못한 , 그리고 사대보험도 적용되지 않는 근무 환경에서 24시간 내내 대기상태로 일을 해야만 합니다. 저는 그로 인해 우울증과 공황장애를 얻었습니다.",2024 예능작가실태조사,,
129,기획,예능,작가,W049,노동권 침해,임금체불·결방,가장 최근에 일한 제작사 대표가 기획회의를 했음에도 기획료 미정산으로 계속 미루더니 통화에서 자기가 너랑 일 안했다고 끝까지 우기면 어쩔건데라는 얘기를 들었습니다.,2024 예능작가실태조사,,
130,기획,예능,작가,W087,노동권 침해,성희롱,"막내작가 때 본사 부장들, 남자 PD들, 남자 출연자들에게 성희롱 저질 농담을 종종 들었지만, 메인작가나 팀장이 보호해준 건 없었습니다. 오히려 폭언을 일삼는 메인작가들도 많았어요.",2024 예능작가실태조사,,
131,기획,예능,작가,W164,노동권 침해,조직문화·괴롭힘,"업무와 상관없는 사소한 걸로도 트집 잡아서, 하루종일 폭언 욕설하고 분이 풀리지않으면, 퇴근 후 밤중에도 전화와서 1시간 넘게 화를 내고, 본인 분이 풀리면 그제야 전화를 끊는 등의 괴롭힘에 시달렸습니다. 웃으면 웃는다고 욕먹고, 무표정이면 무표정이라고 혼나고, 심지어 다같이 아이디어 말하는 회의시간에 막내도 얘기 해보라고해서 의견을 얘기했더니 따로 개인 카톡으로 '집에 가기 싫냐? 입 다물어'라고 하더라고요. 결국 어느 날부터 출근만 하면 숨이 턱 막혀서 과호흡에 말이 안나와서, 방에서 울기만하다가 병원 가니까 위험수준의 우울증과 불안장라더군요.",2024 예능작가실태조사,,
132,미술,엔터,의상,S16,노동환경,저임금노동,"스타일리스트라는 직업이 정당한 임금을 받게 되는 날이 오면 좋겠습니다. 카드 발급도, 대출도 어려운 직업이라는 힘들 때가 있어요. 자취라도 한다면 굶는 날이 더 많을지도 모릅니다.",2022 패션어시 가계부조사,,
133,미술,엔터,의상,S26,노동환경,저임금노동,"몸이 힘든건 적응하겠는데, 부모님께 손벌리면서 12시간 이상씩 매일 일하니까 직업으로 인정도 안해주시네요. 체력이나 실력이 뒤쳐지면 포기하겠는데, 오로지 돈 때문에 가족에게 직업을 무시당하고, 하고싶은일도 포기하게 만드는 현실이 너무 착잡해요.",2022 패션어시 가계부조사,,
134,미술,엔터,의상,S34,노동환경,장시간노동,사실상 이런 직종은 주말마다 쉴 수 있는것도 아니고 쉬는것도 거의 몇달은 하루도 안쉬고 일해야 3~5일 정도 몰아서 쉬는게 다 인데... 조금이라도 쉴 수 있을때 쉬면 좋겠고 생계비는 말 할것도 없습니다. 돈이 무서워서 자취도 못하고요 맨날 왕복3시간씩 다녀요.,2022 패션어시 가계부조사,,
135,기술,유튜브,촬영,M85,시작단계,진입계기,"영상을 제작하다 보면 ‘내 목소리를 같이 녹음해서 내가 쓸 수 있겠구나’라는 생각도 들고, ‘성우 일과 같이 접목할 수 있겠구나’ 이런 생각이 좀 들어서 괜찮겠다는 생각을 하고 이쪽 업계를 좀 들어왔던 것 같아요.",2024 한빛센터가 간다,,
136,기술,유튜브,촬영,M85,시작단계,진입과정,"코로나 때는 유튜브 생중계를 하려고, 계속 카메라를 쓰고 스트리밍까지 많이 했는데, 최근에는 공연이나 행사들이 많이 줄고 있어요. 그래서 카메라 감독님들도 예를 들면 구인 사이트에서도 ‘일할 사람 구합니다’고 하면 단가가 높지 않은데도 10분 만에 한 거의 20건 이상의 댓글이 달리는 거예요.",2024 한빛센터가 간다,,
137,기술,유튜브,촬영,M85,시작단계,진입과정,상업적 콘텐츠를 풀어내는 직군들은 경력이나 연차보다는 포트폴리오의 영향이 많이 큰 것 같아요. 좋은 영상들을 잘 만들어놓고 스케치 영상도 괜찮은 것들을 찍어서 편집한 결과물로 역량을 인정받아서 일감을 계속 받을 수 있는 구조여서 그런 점들이 중요해지죠.,2024 한빛센터가 간다,,
138,기술,유튜브,촬영,M85,업무단계,계약형태,"사실 계약서가 없어요. 하루 일하러 가는데, 계약서를 거의 안쓰다 보니까 ‘그냥 믿고 가야 되는 거지.’라는 생각을 많이들 해서, 그러다보니 못 받은 돈이 좀 있거든요. 저는 이 일하면서 계약서를 써본 적이 한 번도 없고…",2024 한빛센터가 간다,,
139,기술,드라마,녹음,D84,업무단계,업무내용,"카메라 앵글에 마이크 위치를 맞춰야 하는데, 카메라가 하나면 몰라도 요즘은 두 대라서 마이크 위치를 잡기 힘든 상황이 많아요. 그래서 감독에게 조율을 요청해서 조정하면 괜찮은데 그런 조율을 안 해주는 감독이 정말 많아요. 우리는 소리를 잘 담아야 하는 역할인데 카메라 앵글만 신경쓰는 거죠. 그런 경우에는 녹음이 깔끔하게 안 되어도 무선 마이크를 어쩔 수 없이 써야 하죠.",2024 한빛센터가 간다,,
140,기술,드라마,녹음,D84,업무단계,업무내용,어떤 때는 어차피 편집할 때는 앵글을 줄일 텐데 크게 잡는 감독이 있어요. 그 때 마이크가 들어가게 앵글 조금만 줄여 달라고 해도 ‘동시팀 때문에 이거 촬영을 못 하겠네’라고 하죠. 또 그렇게 마이크 넣으면 조명팀과의 다툼이 생기기도 해요. 마이크랑 조명은 위에 있으니까 마이크 그림자가 생기지 않게 천 같은 걸로 흐릿하게 해서 조명팀이 깔아주거든요. 조명을 피해서 마이크를 넣어야 하는데 그러면 또 앵글이 걸리죠.,2024 한빛센터가 간다,,
141,기술,드라마,녹음,D84,노동권 침해,조직문화·괴롭힘,"저는 항상 그렇게 생각하는데요. 일을 할 때 노동시간 제한을 넘겨도, 밤을 새도 상관없으니까, 현장 분위기만 좋으면 된다고 생각해요. 저희는 제발 그냥 다들 다투지 말고 누구 하나 짱이고 밑이고 갑이고 을이고 그거 상관없이 그냥 현장 분위기만 다 웃으면서 촬영하면 좋겠어요. 근데 하다 보면 사람들이 다 그렇지만은 않더라고요.",2024 한빛센터가 간다,,
142,기획,드라마,작가,W83,시작단계,진입계기,"운명 같다고 느꼈던 게... 제가 자주 다니던 카페에 영화 일을 하시는 분들이 많아서, 그 분들 이야기를 많이 듣다보니까 해보고 싶다는 마음이 들었던 거죠. 제가 가진 취미나 역량을 작품을 만드는 데에 활용할 수 있겠다 싶었던 거예요. 글 쓰는 일부터 시작해서 차근차근 올라가야지 싶었죠.",2024 한빛센터가 간다,,
143,기획,드라마,작가,W83,노동권 침해,임금체불·결방,"이게 각본이라는 게 무슨 제품 같은 물질로 되어 있는 것이 아니잖아요? 기계처럼 시제품이 나오는 것이 아니다보니, 계약 관계가 중간에 틀어지면 돈을 전혀 못 받죠. 내가 각본 작업을 오롯이 했어도, 제작사가 마음에 안 든다고 하면 끝인 거예요. 이런 일이 너무 많아요.",2024 한빛센터가 간다,,
144,기획,드라마,작가,W83,노동권 침해,해고·계약해지,"제작사에서 계약 파기를 하면, 원칙적으로 제가 쓴 데까지는 못 쓰게 돼 있죠. 근데 한국에서 표절률이 얼마 나오는지 아세요? 그냥 솔직히 토씨 몇 개 바꾸고 사건 상황 앞뒤만 바꾸면, 표절로도 안 보고 저작권을 주장하지 못 하는 상황이 되어버려요.",2024 한빛센터가 간다,,
145,기술,드라마,그립,G82,시작단계,진입계기,"원래는 음악을 하고 싶었어요. 영화나 드라마에 들어가는 음악이요. 그래서 관련된 공부 겸 일하면서, 촬영 현장을 몇 번 가볼 수 있었어요. 현장 분위기도 좀 봤고, 나도 일하면 재밌게 할 수 있겠다는 생각을 했었죠. 한 곳에서 오래 일하는 것은 잘 안 맞다고도 생각했거든요.",2024 한빛센터가 간다,,
146,기술,드라마,그립,G82,업무단계,업무내용,"대본을 읽으면서 처음 제 머릿속에 생각하는 것과 한 컷, 한 컷, 만들어 가는 게 소중하면서 신기하기도 했죠. 찍는 사람 마음도 헤아릴 수도 있어야 하고, 촬영 현장에 있는 여러 가지를 헤아리면서 일하는 것이 역할이죠.",2024 한빛센터가 간다,,
147,기술,드라마,그립,G82,업무단계,계약형태,과거에는 무조건 통계약이었어요. 그래서 잠깐 아르바이트로 데려온 인원에서 문제가 생기면 모른 척 하기도 하고요. 만일 다치거나 그러면 누군가 책임을 져야하는데 그립팀장도 버거운 경우도 있죠. 그러다보니 개별 계약으로 더욱 바뀌는 것이기도 하죠. 다른 팀에서도 개별 계약이 더 정착해야 해요.,2024 한빛센터가 간다,,
148,기술,드라마,조명,L80,시작단계,진입계기,"처음에는 아르바이트였어요. 보조출연을 해보려고 업체에 등록했는데, 카메라 보조로 현장에 보내더라고요. 학교 선배가 조명 일을 하고 있다보니 처음에는 그냥 돈이라도 벌자고 일을 했었죠.",2024 한빛센터가 간다,,
149,기술,드라마,조명,L80,기타,향후 진로·전망,"근데 일이라는 게, 이제 5년 한 사람이랑 처음 하는 사람이랑 지시를 받았을 때 알아듣는 것도 다르고, 장비 다루는 능숙함도 다를 수밖에 없어요. 제 생각에서는 자기 할 일은 다 하면서 불만이든 의견이든 내야 한다고 생각해요.",2024 한빛센터가 간다,,
150,기술,드라마,조명,L80,업무단계,업무내용,"현장에서 장비를 쓰더라도 세팅이 힘들어도 일할 때 편하게 하자고 생각해요. 장비가 두 번 움직일 것을 한 번으로 줄이려는 거죠. 촬영 전에는 준비하는 시간이 길게는 2~3시간 걸리기도 하는데, 촬영을 마치고도 정리하는 시간이 몇 시간씩 걸리니까, 촬영시간 외적으로도 일을 해야 하죠.",2024 한빛센터가 간다,,
151,기술,드라마,조명,L80,업무단계,근무방식,"예를 들어서 분장팀, 의상팀에서 일하는 스태프들은 6시 집합이면 무조건 1시간 또는 2시간 일찍 와야 해요. 우리만 이야기하기에는 괴리감이 있죠. 준비시간과 정리시간까지 포함해서 52시간 안으로 맞춘다고 하면, 그거는 그거대로 또 어려운 것이 있으니까. 저는 팀 내에는 그냥 그런 부분 다 포함된 비용이라고 말하기는 해요. 다른 팀은 휴차 때 일하기도 하니까요. 일에 특수성이 있는데, 결국 급여 문제로만 갈 때가 많아요.",2024 한빛센터가 간다,,
152,기술,드라마,조명,L80,노동환경,장시간노동,"가령 이 촬영 장소는 오늘 1시간만 더 찍으면 끝이고 안와도 되는데, 법적 제한을 초과하였다고 접자는 이야기가 나올 때는 이해가 잘 안되기는 해요. 다음에 또 여기 세팅을 몇 시간을 해야 하고, 또 그때 똑같이 세팅을 하려고 해도 절대 그게 쉽지가 않아요.",2024 한빛센터가 간다,,
153,기술,드라마,조명,L80,기타,개선방향,"그러니까 제작사가 소통을 해서 이번에는 이렇게 할 거라는 매뉴얼을 많이 만들어야 한다고 생각해요. 가령 밤 늦게 끝나잖아요? 원래는 대중교통 타고 돌아갈 수 있는 시간이었는데 조명팀은 정리하다보니 막차 시간을 넘겼을 때, 택시비를 지원해주는 제작사도 있는데, 아닌 곳도 있죠. 여러 가지 상황이 있는데, 제작사끼리도 규칙을 정리하는 것도 필요하죠.",2024 한빛센터가 간다,,
154,기술,드라마,조명,L80,기타,향후 진로·전망,조명 일은 현장마다 다 다르잖아요. 그러니까 대처할 수 있는 순발력과 경험이 많이 필요하다고 생각해요. 그래서 감독으로 입봉하는 데까지 오래 걸리고요. 또 작품이라는 게 한정되어 있으니까 가령 60살 넘어서까지 조명 감독 일을 할 수 있는 사람은 정말 극소수죠.,2024 한빛센터가 간다,,
155,기술,드라마,조명,L80,기타,지속 동기,"드라마 만드는 것을 누구나 할 수 있는 경험은 아니잖아요. 이렇게 찍고 뭐 하고 그냥 이 사람들이 영상을 만들고 뒤에서 노력하고 이런 것이 정말 재미있었고, 사실 칭찬을 들을 때 가장 성취감을 느끼죠. 저는 그냥 그렇게 하루하루를 찍고, 한 편을 찍고, 그렇게 해서 한 드라마가 끝나고, 이제 방송에 나오고 그랬을 때, 요즘은 그냥 그때 그냥 그때 기분 좋은 것 같아요. 그렇게 하루하루 노력들이 모여서 ‘이게 16부작짜리가 다 되었네’, ‘이게 세상에 나왔네’ 그런 마음이 들고 그래요. 같이 일한 팀원들과 고생했다고 하고 같이 술 먹으러 가고.",2024 한빛센터가 간다,,
156,기술,드라마,촬영,M78,시작단계,진입계기,"원래는 대학에서 연출 관련된 전공을 했는데, 어느 날 촬영 현장에 나갔다가 이름도 모르는 스태프 분이 너무 멋있어 보이는 거예요. 이름도 모르는 장비들을 혼자서 체크하고 정리하고 카메라 짊어지고 어깨에 메고 가는 모습이 멋있었죠.",2024 한빛센터가 간다,,
157,기술,드라마,촬영,M78,노동권 침해,조직문화·괴롭힘,"아직도 권위적인 분들이 엄청 많아요. 요새는 대본 첫 페이지에 현장에서 지켜야하는 수칙들에 욕설이나 성폭력 관련된 것들이 써있는데, 여전히 형식적인 것에 불과하고, 아직도 개XX 소XX하는 분들이 많아요. 일이 없어서 떠나는 친구들도 있지만, 그런 분위기를 못 견디겠다고 떠나는 친구들도 많았던 것 같아요.",2024 한빛센터가 간다,,
158,기술,드라마,촬영,M74,노동권 침해,고용불안,"7년 전에 드라마를 같이 했던 동료들을 만났어요. 동료들이 하는 말이 재작년에 드라마 촬영이 200편 정도였고, 작년에는 80편, 올해는 촬영 예정이 50편정도 밖에 안 된다고 하더군요. 앞으로는 어떨 것 같은지 물어보니, 내년까지는 힘들 것 같다고 하더라고요. 저도 그렇게 생각해요.",2024 한빛센터가 간다,,
159,미술,드라마,의상,S75,기타,지속 동기,촬영이 너무 재미있어요. 자유롭다고 해야 하나? 출퇴근 시간은 길지만 이 장면에서 내가 생각하는 상상력을 발휘할 수 있는 거. 배우가 이런 연기를 할 거라면 이런 옷을 입혀야지 이렇게 생각하고 일할 수 있는 것이 너무 재미있어요.,2024 한빛센터가 간다,,
160,미술,드라마,의상,S75,노동환경,건강권,"의상탑차에서 옷을 넣고 꺼낼 때 쓰라고 계단과 밧줄이 있어요. 근데 여기가 눈이나 비가 오면 엄청 미끄럽고 옷을 한아름 안고 내려오면 잘 안보여서 위험하거든요. 예전에 눈 오는 날 옷을 넣고 나오다 미끄러져서 손가락이 탈골된 적이 있었고, 눈 오는 날 탑차를 타고 촬영현장에 가다가 눈길 추돌사고에 휘말린 적이 있었어요. 아픈 것도 모르고 바로 다른 탑차 섭외해서 사고 현장에서 짐 옮기고 촬영 현장으로 나갔죠. 그렇게 무사히 도착하고 긴장이 풀리니까 아프더라고요.",2024 한빛센터가 간다,,
161,미술,드라마,의상,S75,노동환경,저임금노동,"예전에 처음 스타일리스트로 일할 때에는 기본급이 40만원 이었죠. 아예 없는 곳도 많았고, 그래서 협찬사 가려면 무조건 걸어 다니고 버스는 한 정거장만 타고 내리고 했었어요. 그 때 살아남은 사람들은 부모님이 경제적으로 지원을 받았던 이들이 많이 남아있어요. 노동시간에 비해 너무나 급여가 차이나요. 카메라 신입 급여가 의상팀 팀장급 급여와 비슷해요.",2024 한빛센터가 간다,,
162,기술,교양,녹음,D72,시작단계,진입과정,"특정 방송사 일 위주로 하는 동시녹음 기사들이 꽤 많아요. 그래서 기사들이 촬영 일감을 구해오면 붐맨, 라인맨이라고 하는 오퍼레이터와 어시스턴트들이 함께 현장에 투입되죠. 그러다 보니 지인의 소개같이 비공식적인 검증이 완료된 사람들을 고용하고, 이들하고 원팀이 되어서 장기간 일을 하게 돼요. 그래서 현장 스태프들과의 관계가 좋지 못하면 일을 잘해도 현장에서 도태될 수 있는 게 바로 이런 것 때문이에요.",2023 한빛센터가 간다,,
163,기술,교양,녹음,D72,노동환경,저임금노동,"현장에 나가면 출장비를 받기도 하고, 그렇지 않을 때도 있는데, 명세서를 받은 적이 거의 없다 보니까 기사님한테 얘기하기가 어려워요. 또 한번은 제가 아는 오퍼레이터 선생님한테 들은 얘긴데, 10년째 급여 단가가 똑같았대요. 그래서 신입이랑 10년 차랑 같은 게 말이 되는건지 기사에게 물었다가 사이가 불편해져서 팀을 떠나셨어요. 원팀으로 굴러가는 게 좋기도 하겠지만 이런 점은 좋지 않은 거죠. 참...어려워요.",2023 한빛센터가 간다,,
164,기술,교양,녹음,D72,업무단계,업무내용,"예를 들면 촬영팀 위주로 편의를 봐주거나 조명팀과도 각자의 업무를 더 잘하기 위해 좋은 자리를 선점하려고 다투게 되는거죠. 녹음팀은 좋은 소리를 수음하려고 하고, 한쪽은 더 나은 색감을 잡으려고 하고. 이게 사실 선의의 경쟁인데 또 서로 사이가 안좋게 되면 많이 싸우게 되는 계기가 되기도 해요.",2023 한빛센터가 간다,,
165,기술,교양,녹음,D72,노동권 침해,조직문화·괴롭힘,요즘은 그래도 현장에서 서로 양해하며 일하는 분위기가 많이 정착되는 노력이 있어요. 그리고 영화와 드라마 현장을 오가는 스태프들이 많이 생기다보니 각 현장에서의 강점들이 스며들어 분위기가 좋아지고 있는건 아닐까 하는 생각이 들 때도 있죠. 좋아지고 있다는 건 분명 변화의 노력이 있었다는 거니까 다행이라고 생각해요.,2023 한빛센터가 간다,,
166,기술,교양,녹음,D72,기타,개선방향,"같은 일을 하는 사람들의 이야기를 조금 더 자주 접할 수 있는 기회가 생겼으면 해요. 힘든 점도 많았지만 일하다 보니 자연스레 관심이 갈 수밖에 없고, 점점 애정을 쏟게 되다 보니 이 일이 나의 것이 되었다는 생각이 많이 들었기 때문에 이런 생각이 드는 것 같기도 하고요.",2023 한빛센터가 간다,,
167,미술,드라마,소품,Q66,노동환경,장시간노동,"덜 바쁘다 싶으면 일주일에 하루를 겨우 쉬는 정도에요, 조금 바쁘다 싶으면 사실 휴일은 없죠. 촬영이 있으면 이동하고 자는 몇 시간 제외하면 전부 일하는 시간이에요. ‘촬영이 없으면 한가한 거 아니야?’라는 생각을 할 수 있는데, 회사 사무실로 출근해서 창고도 정리하고, 반출입 리스트도 정리하고, 소품 제작에 필요한 설계도 해야 하니까 전혀 한가할 구조가 아닌 거죠.",2023 한빛센터가 간다,,
168,미술,드라마,소품,Q66,노동환경,휴식권,"제가 가장 최근에 쉬어본 게 2주 전에 하루 쉬어본 게 전부예요. 소품 담당은 품어야 할 업무 범위가 상당히 넓고, 작품의 호흡을 같이 해야 하는 상황이라 일과 삶이 전혀 분리되지 않아요.",2023 한빛센터가 간다,,
169,미술,드라마,소품,Q66,업무단계,업무내용,현장 직군에서 근무 시간 대비 급여가 가장 낮은 직군이 여럿 있는데요. 이런 직군들은 촬영 전 준비-촬영 전체 시간 대기-촬영 후 정리-사무실 복귀 후 차기 촬영 준비에 모두 투입되곤 해요. 촬영까지 하루도 안 남았는데 어떤 소품이 필요하다며 구해오라는 지시를 받으면 어떻게 해서든 구해와야 해요. 도저히 구할 수 없어 유사품을 구해오면 유사품을 구해왔다며 지적받는 상황이 부지기수에요. 현장 내에서도 소품은 철저히 을의 입장이었어요.,2023 한빛센터가 간다,,
170,미술,드라마,소품,Q66,노동환경,건강권,"소품 분야에서 규모가 있는 업체는 수송 담당자가 따로 있는데, 영세 업체는 소품 담당자가 수송 업무까지 도맡는 경우가 대다수에요. 일 때문에 하루종일 깨어있는 상태로, 운전까지 하면 졸음운전을 하게 되는 빈도가 높아지죠. 사무실(창고)는 보통 서울 인근 교외에 있기 때문에 이동 거리가 상당히 긴 편이에요. 이런 상태에서 운전을 하니... 사고의 위험을 늘 안고 살아요. 사고가 난다고 해서 보호받을 만한 제도는 더욱 없는 상황이라 늘 노심초사하며 일해왔어요. 그래서 더욱 소진이 심했던 것 같아요...",2023 한빛센터가 간다,,
171,미술,엔터,의상,E29,노동환경,건강권,"큰 단독 공연이나 프로젝트가 있으면, 한 달 반 두 달 맨날 새벽 3시 퇴근하고 이러는데. 그런데도 연봉 수준은 똑같고 성과급이나 이런 게 전혀 없어서 저는 저대로 갈리고 병원 다니고 하는데",2025 엔터테인먼트 종사자 인터뷰,,
172,기타,엔터,음반관련,E32,노동환경,건강권,녹음 시간이 너무 길고. 뮤비 같은 거 찍으면 이틀 밤 거의 막 새벽 갔다 하면 좀비처럼 돼요. 예민해지는. 사람이 잠을 못 자면 예민해지는데 다들 예민해지고 밥도 제대로 못 먹고 피곤하고,2025 엔터테인먼트 종사자 인터뷰,,
173,기타,엔터,기타,E27,노동환경,건강권,얼마 전에 수술했어요. 종양이 생겼다고 해서. 퇴사할 때쯤에 몸이 안 좋아졌다는 걸 느껴서 … 최근에 전신 검사를 싹 다 했는데 여기에 용종 나오고 여기에 종양이 나오는 거예요. 그래서 수술 했습니다.,2025 엔터테인먼트 종사자 인터뷰,,
174,기타,엔터,음반관련,E33,노동권 침해,고용불안,"엔터 쪽은 사무직으로 있는 사람들 말고는 대부분 헤어, 메이크업, 스타일리스트, 카메라 감독 같은 사람들이 프리랜서인 경우가 많거든요. 특정이 가능한 상황에서 본인이 총대 매고 고발을 한다는 게 걱정이 안 될 수는 없는 것 같아요. 어떻게 보면 일이 끊기는 거니까요.",2025 엔터테인먼트 종사자 인터뷰,,
175,미술,엔터,분장,E20,노동권 침해,조직문화·괴롭힘,"혼나는 정도가 아니라, 선생님들이 브러시를 던지거나 현장에서 소리를 지르고, '집에 가라'는 식으로 말하기도 해요. 사람이 받을 수 있는 대우가 맞나 싶을 정도로 그런 일들이 많았어요.",2025 엔터테인먼트 종사자 인터뷰,,
176,미술,엔터,의상,E23,노동권 침해,조직문화·괴롭힘,"연봉 협상을 해야 하는데 또 동결이 된 거예요. 회사 사정을 이유로요. 그래서 연봉을 올려달라고 말씀을 드렸어요. 그런데 대표가 그 이후부터 저한테 약간 괴롭히듯이 행동을 하기 시작했어요. 그러다 한두 달쯤 지나서, 본인이 불편했는지 갑자기 권고사직을 내린 거예요. 그래서 저도 그냥 그만뒀어요.",2025 엔터테인먼트 종사자 인터뷰,,
177,기타,엔터,기타,E27,기타,구조적 문제점,콘텐츠 소비자가 전세계인을 대상으로 하니까 24시간 동안 유통이 되는 거를 목표로 하는지. 특히 12시 발매 이런 경우도 많아서. 그럴 경우에는 12시에 콘텐츠나 음악을 오픈하면 스텝 입장에서는 그 뒤로 한두 시간은 잘못된 게 없는지 확인해야 되거든요.,2025 엔터테인먼트 종사자 인터뷰,,
178,기타,엔터,매니저,E39,기타,구조적 문제점,방송 쪽 일을 하면 연예인 보고 그러니까 남들이 쉽게 하지 못하는 그런 경험을 하잖아요. 그래서 어쨌든 너 없어도 할 사람 많아 이런 게 깔려 있는 것 같아요.진짜 열정페이 아니면은. 정말로 얘네 별로 하는 일 없다고 생각하는 걸 수도,2025 엔터테인먼트 종사자 인터뷰,,
179,기타,엔터,기타,E22,기타,구조적 문제점,아이돌이라는 IP은 그러한 본질이 아닌데 포장을 해서 그렇게 만들어서 판매하는 경우가 허다한거예요. 그래서 이 포장지가 벗겨지면 안 되거든요. 포장지 안에 있는 것들이 절대 밖으로 노출되면 안 되기 때문에 그걸 지켜내기 위해서 부당함을 감내해야 하는 것들이 너무나도 많아요.,2025 엔터테인먼트 종사자 인터뷰,,
180,기타,엔터,매니저,E35,노동환경,장시간노동,방송이라든지 아니면 공연 관련한 스케줄들이 되게 타이트하게 나와요. 일주일 전에 만들어진 게 일주일 뒤에 배포합니다가 아니고 내일 배포합니다. 이것 좀 급히 확인 부탁드려요. 이런 것들이 되게 많아요. 그러다 보니까 저희도 어쩔 수 없이 즉시 확인을 계속해야 되는 상황이고,2025 엔터테인먼트 종사자 인터뷰,,
181,기타,엔터,음반관련,E30,노동환경,장시간노동,모두의 시간을 맞추려면 되는 시간이 새벽 2시밖에 없어요. 근데 이 일을 하긴 해야 되니까 그런 경우들이 종종 생기죠. 특히 발매가 임박했거나 공연이 임박했거나 이런 시즌에,2025 엔터테인먼트 종사자 인터뷰,,
182,기타,엔터,기타,E15,노동환경,장시간노동,명확한 근무 시간이 없고 연습생 트레이닝 하다 보면 새벽이라도 연락이 오기도 해요. 언제 연락이 올지 모르는 상황이에요. 특히 캐스팅 팀 같은 경우에는 경쟁이라든지 시간 싸움이 있기 때문에 계속해서 스탠바이 상태여야하고. 편안하게 온전히 쉰다거나 이런 게 없이 업무적인 긴장감이 계속되는 상태에요. 이런 이유로 정신 건강 문제가 일어날 수밖에 없어요,2025 엔터테인먼트 종사자 인터뷰,,
183,기타,엔터,기타,E22,기타,구조적 문제점,코로나 때 K-pop이 급성장했어요. 이게 돈이 된다라는 거를 알고 나서 사람들이 엔터 산업 쪽으로 많이 뛰어들었어요. 고위직들이 엔터테인먼트에 대한 인사이트는 부족한 상태로 자리를 가지고 있으신 경우가 지금 많아졌죠. 그런 회사는 높은 확률로 한 명이 모든 업무를 다 하게 되거든요. 작은 엔터사를 만드는 사람들 자체는 굉장히 많아졌는데. 그게 가고 싶은 회사들은 아닌 거죠.,2025 엔터테인먼트 종사자 인터뷰,,
184,미술,엔터,분장,E20,노동권 침해,성희롱,"아티스트가 먼저 찝적대는 경우가 많아 가지고. 근데 저희는 그거를 거부를 하기에는 너무나도 좀 불편한 상황이고. 근데 매번 잘못 소문이 나는 건 일하는 사람이기 때문에. 여기서 매번 유도리 있게 잘 넘어가는 게 중요해요. 어린 사람들이 대처하는 게 정말 힘든 것 같아요. 매번 그런 소문이 정말 많이 나요. 아티스트와의 이런 일이 있었다. 그리고 얘는 좀 아티스트를 매번 꼬시고 연락처를 깐다, 이런 얘기들이 너무 많아서. 저희는 그런 거를 정말 조심할 필요가 좀 있는 것 같아요",2025 엔터테인먼트 종사자 인터뷰,,
185,기타,엔터,기타,E15,업무단계,업무내용,"연습생을 캐스팅 하기 위해서 오디션 기획, 로드 캐스팅, 학원 내방 오디션 등 방법에 구애받지 않아요. 최대한 아이들 많이 볼 수 있는 곳에서 캐스팅은 다 이루어져요",2025 엔터테인먼트 종사자 인터뷰,,
186,기타,엔터,매니저,E39,업무단계,업무내용,스케줄 있을 때 아티스트를 집에 데려다 주고. 픽업하죠. 현장 스태프들이랑 소통도 아티스트 대신 직접 해서 촬영 스케줄이나 그 이후에 후시 녹음이나. 기타 등등의 모든 스케줄 관련해서 대신 소통하고요.,2025 엔터테인먼트 종사자 인터뷰,,
187,미술,엔터,의상,E29,업무단계,업무내용,스케줄 의상 준비도 하고 단독 공연 같은 거 있으면 또 의류 제작하고 리폼하고 하는 일도 하고 이제 회사 안에 있는 옷 정리하고 관리하고 그런 업무,2025 엔터테인먼트 종사자 인터뷰,,
188,미술,엔터,분장,E20,업무단계,근무방식,"매번 시간을 너무 적게 잡아줘요. 헤어메이크업을 할 수 있는 시간이 부족해서 다 쳐내듯이 해야 해요. 픽업을 늦게 해서 멤버들이 늦게 오면, 짧은 시간 안에 헤어·메이크업을 다 하고 무대에 올려야 해요. 그래서 매번 그 짧은 시간 동안 혼이 빠지게 일하고, ",2025 엔터테인먼트 종사자 인터뷰,,
189,기타,엔터,음반관련,E21,업무단계,근무방식,"모든 게 갑자기 정해지고 급하게 이루어지는 경우가 많아요. 예를 들어 내일 필요한 걸 오늘 만들어야 하거나, 이미 계획을 짜서 보고했는데 뒤늦게 컨펌이 나서 수정하고, 당일 1시간 전까지도 수정하는 경우가 생겨요. 그러다 보니 조급하게 일이 진행되고, 실수가 생기거나 일정이 딜레이되면 내부에서 화가 나기도 해요.",2025 엔터테인먼트 종사자 인터뷰,,
190,기타,엔터,기타,E27,노동환경,휴식권,탈출하는 사람도 되게 많고…이직률이 높은 이유는 워라벨이 없어서 그런 것 같아요. 실제로 엔터사를 나가는 사람이 되게 많고. 엔터사 성비랑 세대를 보면은 여자가 압도적으로 많고 나이대도 젊은 사람들이 대다수이긴 합니다. ,2025 엔터테인먼트 종사자 인터뷰,,
191,미술,엔터,의상,E37,노동권 침해,조직문화·괴롭힘,퇴사한 이유는 아무래도 시스템이 계속 달라지다 보니까. 조직 개편도 심해지고. 위에 상사랑 트러블이 생겨서 잘 해보려고 해도 그게 위에 의해서 안 받들여져가지고 아무래도 트러블이 계속 생기다 보니까 좀 지쳐서 좀 퇴사를 하게 되었습니다.,2025 엔터테인먼트 종사자 인터뷰,,
192,기타,엔터,음반관련,E33,노동환경,휴식권,휴가 같은걸 가서도 내내 일을 하거든요. 그리고 점점 친구들이랑 멀어지거든요. 일하면서 알게된 것들을 말하기도 애매한 직종이고. 활동 시간대도 다르고. 똑같이 워크 타임은 있다고해도 결국 저녁에 또 촬영장에 끌려갔거나 스튜디오 가는 애들도 많고. 같이 밥 먹다가도 갑자기 일하고 이러니까 점점 인간관계도 소원해지죠.,2025 엔터테인먼트 종사자 인터뷰,,
193,기타,엔터,기타,E15,노동환경,건강권,"근무시간 외에도 계속 장문의 카톡을 보내요. 카톡 알림만 와도 심장이 빨리 뛰고 매일 불안감, 압박감을 많이 느꼈어요. 일하다가 과호흡으로 응급실도 갔었고요. 정신과 상담을 받았었어요. 이 일을 하다 보면 다들 한 번씩 공황이 온다고 얘기하기도 하고. 엔터 종사자들이 만연하게 겪는 정신 건강 문제에요.",2025 엔터테인먼트 종사자 인터뷰,,
194,기타,엔터,기타,E27,노동환경,건강권,우울증 되게 많아요. 우울증이 진짜 많아요. 제 동료들은 다 우울증 걸려서 병원 다니고 저도 잠깐 다녔었어요. 계속해도 성과도 괜찮지도 않고 근데 일은 많고 성취감은 없고. 우울증 걸린 사람들이랑 또 일해야 되니까 신경이 또 예민해져 있는 상태니까 그것도 또 힘들고 저도 우울증 걸리고 전반적으로 다 그런 상황.,2025 엔터테인먼트 종사자 인터뷰,,
195,기타,엔터,음반관련,E33,노동환경,건강권,"공황이 왔어요. 스트레스가 주원인이었던 것 같은데 일이 잘 안 되는 시기가 있으면 당연히 누구나 스트레스는 받을 텐데, 그럼에도 불구하고 쉬어갈 여유 없이 계속 일은 해야 했고 그러니 몸에 정신을 지탱할 수 있는 체력이 안 남아 있는 상태로 계속 가니까 그때 이제 몸이랑 정신이랑 같이 꼬꾸라졌던 것 같아요.",2025 엔터테인먼트 종사자 인터뷰,,
196,기타,엔터,매니저,E29,시작단계,진입계기,음악을 좋아했고 학창 시절에 음악과 관련된 활동들을 밴드 동아리도 하고. 제가 직접 음원도 내보고 그렇게 하다가 업계에 들어왔죠,2025 엔터테인먼트 종사자 인터뷰,,
197,기타,유튜브,기타,Y21,시작단계,진입계기,"사람들에게 자연에 대한 인식을 증진시킬 수 있는 일을 해야겠다고 생각했습니다. 원래 목표는 자연 다큐멘터리를 만드는 것이었는데, 조연출로도 일해보고, 프로덕션 감독님 아래에서 스태프로도 일해봤지만 모두 답이 없더라고요. 그때 마침 유튜브라는 플랫폼이 있다는 걸 알게 됐고, 그렇게 시작하게 되었습니다.",2025 유튜브 크리에이터 인터뷰,,
198,기타,유튜브,기타,Y27,시작단계,진입계기,"게임 유튜버 분들이라면 다 비슷할 거예요. 처음에는 게임이 좋아서 시작하고, 하다 보면 잘 풀린 영상이나 재미있게 나온 영상이 생기고, 그걸 모아서 편집하다 보면 누군가에게 보여주고 싶은 마음이 생기니까요. 저도 취미로 영상을 올렸는데, 그게 잘 되고 조회수가 잘 나오면서 유튜브를 시작하게 된 것 같습니다.",2025 유튜브 크리에이터 인터뷰,,
199,기타,유튜브,기타,Y25,기타,구조적 문제점,"플랫폼에서 수수료를 40% 가져가는데 그럴거면 그에 맞는 서비스를 제공받으면 좋겠어요. 근데 느끼기에는 유튜브가 해주는 게 없어요. 유튜브는 공간만 제공하고 영상 편집, 촬영, 업로드, 댓글 관리 등 모든 걸 다 크리에이터들이 하는데…",2025 유튜브 크리에이터 인터뷰,,
200,기타,유튜브,기타,Y22,기타,향후 진로·전망,"얼마나 갈 수 있을지는 진짜 모르겠네요. 금방 끝날 수도 있을 것 같고, 엄청 오래 할 수 있을 것 같진 않아요. 왜냐하면 플랫폼 자체가 아예 바뀔 수도 있고, 요즘에는 인공지능 때문에 콘텐츠의 방향도 엄청 많이 영향을 받는 것 같거든요.",2025 유튜브 크리에이터 인터뷰,,
201,기타,유튜브,기타,Y26,업무단계,업무내용,"먼저 스토리보드를 그려가지고 스토리를 작성 합니다. 그리고 나서 촬영을 진행하는데요. 스토리를 바탕으로 촬영을 진행하다 수정사항이 생기면 스토리를 같이 수정합니다. 그렇게 수정을 마치면 대본을 작성합니다. 자세한 악센트나 상황설명, 인물의 감정상태 등을 세세하게 표현한 대본을 만들어서 성우 분에게 넘깁니다.",2025 유튜브 크리에이터 인터뷰,,
202,기타,유튜브,기타,Y23,기타,구조적 문제점,"유튜브라는 게 콘텐츠는 누구나 올릴 수 있으니까, 같은 내용이라도 그걸 올리는 사람이 너무 많아졌습니다. 그래서 더 빨리 올려야 하고, 프레시하게 올려야 돼요. 그러다 보니 아이디어도 새로워야 하지만, 동시에 빨리 만들어야 한다는 부담감이 굉장히 큽니다. 그런 부분이 항상 압박으로 다가오죠.",2025 유튜브 크리에이터 인터뷰,,
203,기타,유튜브,기타,Y24,노동환경,장시간노동,사실 제가 지금 건강이 좀 안 좋아요. 그래서 이게 요새 편집자를 쓰고 이렇게 되는 게 맞는 것 같은데 저는 거의 하루 24시간이면은 한 16시간은 했던 것 같아요. 쉬는 날은 그냥 다 쉬고 일하는 날은 다 그것만 몰빵해 그랬을 때 한 16시간 일한 것 같아요. 그렇게 일주일에 한 4~5일은 한 것 같아요.,2025 유튜브 크리에이터 인터뷰,,
204,기타,유튜브,기타,Y21,노동환경,건강권,편집할 때는 제 노력에 달린 일이긴 한데 낮과 밤이 바뀌지 않도록만 조심하면 큰 문제는 없는 것 같습니다. 아무래도 편집하다 보면 대부분의 편집자 분들이 그렇듯이 밤을 새는 경우가 많습니다. 생활 리듬이 자꾸 꼬이고 건강이 안 좋아서 요즘은 낮에 일하고 밤에 자보려고 하고 있습니다.,2025 유튜브 크리에이터 인터뷰,,
205,기타,유튜브,기타,Y24,노동환경,건강권,그렇게 일하면서 허리 다 박살 났고 심장 수술도 했어요. 그리고 채널 이름이 생각이 안 나네. 제가 즐겨보던 영화 특수효과 리뷰하는 채널이 있었는데 그분이 과로로 돌아가셨다는 얘기를 들었어요. 영상 자주 올리는 분이셨는데 그 소식을 듣고 '와 이거 나도 죽을 수 있겠구나.' 라는 생각 들어서 저는 좀 많이 바꾼 편이에요.,2025 유튜브 크리에이터 인터뷰,,
206,기타,유튜브,기타,Y28,기타,향후 진로·전망,"유튜브를 그만둔다면 어떻게 살아가야 할까 생각하면 막막하죠. 다시 취업하기도 힘들고, 계속 이 일을 해왔는데 갑자기 다른 분야로 옮기는 것도 쉽지 않으니까요. 그래서 그런 생각을 하면 답답하긴 하지만, 아직은 유튜브를 할 수 있으니까 일단 계속하고 있습니다. 그러면서 미래에 대해 조금씩 생각해보는 중이에요.",2025 유튜브 크리에이터 인터뷰,,
207,기타,유튜브,편집,Y12,시작단계,진입계기,유튜브를 보는 걸 좋아했는데 그 당시에 딱히 하고 싶은 진로도 없기도 했고 좋아하는 유튜버의 영상을 내가 편집을 하면 할 수 있으면 좋겠다는 생각으로 시작을 하게 됐어요. 팬심으로 시작했다가 부업으로 해도 되겠다 싶어서…,2024 영상 편집자 인터뷰,,
208,기타,유튜브,편집,Y13,업무단계,업무내용,녹화본이 들어오면 녹화본을 한 번 보고 그리고 나름대로 기획을 한 다음에 컷편집 작업에 들어가고요.  보통 1인 미디어에서는 자막을 되게 열심히 다는 경우가 많기 때문에 우선 자막을 대본으로 다 써두고 필요에 따라서 효과 작업과 자막 그리고 배경 음악도 넣고 그런 식으로 작업을 해왔습니다.,2024 영상 편집자 인터뷰,,
209,기타,유튜브,편집,Y15,노동환경,장시간노동,풀영상 12시간을 다 봐야 되니까 콘텐츠 없이 시청자와 노가리만 했다면 그건 화면만으로 확인이 안 되잖아요. 소리를 다 들어봐야하죠. 풀영상 3시간짜리면 3시간 금액을 받아야 된다고 생각을 해요. 왜냐면 3시간을 한 번 보는 게 아니라 3~5번까지 돌려볼 때가 많으니. 그거를 속도를 빠르게 해서 본다고 해도 4시간짜리 영상을 1시간 동안 본다쳐도 4번 보면 4시간이잖아요.,2024 영상 편집자 인터뷰,,
210,기타,유튜브,편집,Y11,업무단계,계약형태,계약서는 한 번도 안 썼어요. 소속사가 있으면 소속사에서 주는 것만 계약서를 작성하고요. 다른 거는 계약서를 쓴 적은 한 번도 없어요. 보통 안 쓰려고 하세요. 계약서를 쓰는지 여쭤보면 보통 '안 쓰는 게 편하다'고 그런 식으로 둘러대시면서 안 쓰시려고 하시더라고요.,2024 영상 편집자 인터뷰,,
211,기타,유튜브,편집,Y13,노동환경,저임금노동,"가장 부당한 점은 표준처럼 받아들여지는 단가대로 작업하려면, 그게 최소한 최저임금을 넘는 정도의 추산치가 나오려면 손이 굉장히 빨라야 돼요. 그러니까 웬만한 사람들 작업 속도로는 현재 단가로서는 최저시급도 안 나오는 일이 발생을 해요.",2024 영상 편집자 인터뷰,,
212,기타,유튜브,편집,Y15,기타,구조적 문제점,솔직히 말해서 이 업계가 돈이 안돼요. 방송인들에게도 마찬가지인데. 그러면 돈을 써서 순환을 굴려야 되는데 개인으로 방송을 하면서 계속 적자를 보니까 돈이 안 되는 경우도 있고 그리고 이게 돈 몇 천 억 받는 프로젝트가 아니잖아요. 인터넷 방송이라는 것 자체를 다 봤을 때 몇 천 억 정도의 투자가 일어나지 않는 이상 크게 바뀌지 않지 않을까 싶어요.,2024 영상 편집자 인터뷰,,
213,기타,유튜브,편집,Y11,업무단계,근무방식,유튜버 본인이 생각하는 컨셉이 있으니까 조금 다른 게 보이면 무조건 수정을 해달해 해서 10번 넘게 수정을 한 적도 있어요. 유튜브 시스템 오류로 안 되는 거를 제 탓으로 하는 경우도 있고.,2024 영상 편집자 인터뷰,,
214,기타,유튜브,편집,Y11,노동권 침해,임금체불·결방,일하는 마지막 개월에 60만 원 정도를 받아야 했는데 제가 그만하겠다고 하니까 제 연락을 차단을 하고 돈을 안 주려 하길래 같이 일했던 다른 편집자 통해서 돈 받고… 그냥 안 주고 있고 도망가시는 분 뭐 어떻게 할 수가 없죠. 사실 계약서도 작성 안 돼 있고 하니까.,2024 영상 편집자 인터뷰,,
215,기타,유튜브,편집,Y16,노동권 침해,임금체불·결방,"주변에서 스트리머가 편집자 한 명을 고용하고 돈도 제대로 안 주면서 무페이로 매니저 업무, 굿즈 관리 등 영상 편집 이외의 일들을 전부 시키고 아무 보상도 안한 일이 있었어요.",2024 영상 편집자 인터뷰,,
216,기타,유튜브,편집,Y14,노동권 침해,해고·계약해지,유튜버가 일하는 구조를 바꿔야겠다고 말하면서 저를 갑자기 잘랐어요. 바뀐 구조에서는 같이 일하기 힘들 것 같다면서 하루만에 해고를 당하더라고요.,2024 영상 편집자 인터뷰,,
